-- MySQL dump 10.13  Distrib 5.5.19, for Linux (x86_64)
--
-- Host: localhost    Database: sharons
-- ------------------------------------------------------
-- Server version	5.5.19

/*!40101 SET @OLD_CHARACTER_SET_CLIENT=@@CHARACTER_SET_CLIENT */;
/*!40101 SET @OLD_CHARACTER_SET_RESULTS=@@CHARACTER_SET_RESULTS */;
/*!40101 SET @OLD_COLLATION_CONNECTION=@@COLLATION_CONNECTION */;
/*!40101 SET NAMES utf8 */;
/*!40103 SET @OLD_TIME_ZONE=@@TIME_ZONE */;
/*!40103 SET TIME_ZONE='+00:00' */;
/*!40014 SET @OLD_UNIQUE_CHECKS=@@UNIQUE_CHECKS, UNIQUE_CHECKS=0 */;
/*!40014 SET @OLD_FOREIGN_KEY_CHECKS=@@FOREIGN_KEY_CHECKS, FOREIGN_KEY_CHECKS=0 */;
/*!40101 SET @OLD_SQL_MODE=@@SQL_MODE, SQL_MODE='NO_AUTO_VALUE_ON_ZERO' */;
/*!40111 SET @OLD_SQL_NOTES=@@SQL_NOTES, SQL_NOTES=0 */;

--
-- Table structure for table `cobertura`
--

DROP TABLE IF EXISTS `cobertura`;
/*!40101 SET @saved_cs_client     = @@character_set_client */;
/*!40101 SET character_set_client = utf8 */;
CREATE TABLE `cobertura` (
  `id_cobertura` int(11) NOT NULL AUTO_INCREMENT,
  `descripcion` varchar(45) DEFAULT NULL,
  PRIMARY KEY (`id_cobertura`)
) ENGINE=InnoDB AUTO_INCREMENT=4 DEFAULT CHARSET=utf8;
/*!40101 SET character_set_client = @saved_cs_client */;

--
-- Dumping data for table `cobertura`
--

LOCK TABLES `cobertura` WRITE;
/*!40000 ALTER TABLE `cobertura` DISABLE KEYS */;
INSERT INTO `cobertura` VALUES (1,'Crema y queso'),(2,'Chantilly'),(3,'Fundant');
/*!40000 ALTER TABLE `cobertura` ENABLE KEYS */;
UNLOCK TABLES;

--
-- Table structure for table `color_cobertura`
--

DROP TABLE IF EXISTS `color_cobertura`;
/*!40101 SET @saved_cs_client     = @@character_set_client */;
/*!40101 SET character_set_client = utf8 */;
CREATE TABLE `color_cobertura` (
  `id_color_cobertura` int(11) NOT NULL AUTO_INCREMENT,
  `descripcion` varchar(45) DEFAULT NULL,
  PRIMARY KEY (`id_color_cobertura`)
) ENGINE=InnoDB AUTO_INCREMENT=17 DEFAULT CHARSET=utf8;
/*!40101 SET character_set_client = @saved_cs_client */;

--
-- Dumping data for table `color_cobertura`
--

LOCK TABLES `color_cobertura` WRITE;
/*!40000 ALTER TABLE `color_cobertura` DISABLE KEYS */;
INSERT INTO `color_cobertura` VALUES (1,'Amarillo'),(2,'Azul Pastel'),(3,'Azul Turquesa'),(4,'Beige'),(5,'Blanco'),(6,'Cafe'),(7,'Coral'),(8,'Lila'),(9,'Morada'),(10,'Negro'),(11,'Perla'),(12,'Rojo'),(13,'Rosa Fiusha'),(14,'Rosa Pastel'),(15,'Verde aqua'),(16,'Verde Jade');
/*!40000 ALTER TABLE `color_cobertura` ENABLE KEYS */;
UNLOCK TABLES;

--
-- Table structure for table `color_cobertura_por_piso`
--

DROP TABLE IF EXISTS `color_cobertura_por_piso`;
/*!40101 SET @saved_cs_client     = @@character_set_client */;
/*!40101 SET character_set_client = utf8 */;
CREATE TABLE `color_cobertura_por_piso` (
  `id_pastel` int(11) NOT NULL,
  `id_piso` int(11) DEFAULT NULL,
  `id_color_cobertura` int(11) DEFAULT NULL,
  PRIMARY KEY (`id_pastel`),
  KEY `fk_id_piso_idx` (`id_piso`),
  KEY `fk_id_color_cobertura_idx` (`id_color_cobertura`),
  CONSTRAINT `fk_id_color_cobertura` FOREIGN KEY (`id_color_cobertura`) REFERENCES `color_cobertura` (`id_color_cobertura`) ON DELETE NO ACTION ON UPDATE NO ACTION,
  CONSTRAINT `fk_id_pastel` FOREIGN KEY (`id_pastel`) REFERENCES `pastel` (`id_pastel`) ON DELETE NO ACTION ON UPDATE NO ACTION,
  CONSTRAINT `fk_id_piso` FOREIGN KEY (`id_piso`) REFERENCES `pisos` (`id_piso`) ON DELETE NO ACTION ON UPDATE NO ACTION
) ENGINE=InnoDB DEFAULT CHARSET=utf8;
/*!40101 SET character_set_client = @saved_cs_client */;

--
-- Dumping data for table `color_cobertura_por_piso`
--

LOCK TABLES `color_cobertura_por_piso` WRITE;
/*!40000 ALTER TABLE `color_cobertura_por_piso` DISABLE KEYS */;
INSERT INTO `color_cobertura_por_piso` VALUES (7,1,1);
/*!40000 ALTER TABLE `color_cobertura_por_piso` ENABLE KEYS */;
UNLOCK TABLES;

--
-- Table structure for table `decorado`
--

DROP TABLE IF EXISTS `decorado`;
/*!40101 SET @saved_cs_client     = @@character_set_client */;
/*!40101 SET character_set_client = utf8 */;
CREATE TABLE `decorado` (
  `id_decorado` int(11) NOT NULL,
  `descripcion` varchar(45) DEFAULT NULL,
  PRIMARY KEY (`id_decorado`)
) ENGINE=InnoDB DEFAULT CHARSET=utf8;
/*!40101 SET character_set_client = @saved_cs_client */;

--
-- Dumping data for table `decorado`
--

LOCK TABLES `decorado` WRITE;
/*!40000 ALTER TABLE `decorado` DISABLE KEYS */;
INSERT INTO `decorado` VALUES (1,'Adicionales'),(2,'Chocolates'),(3,'Flores'),(4,'Listones'),(5,'Peluches'),(6,'Velas');
/*!40000 ALTER TABLE `decorado` ENABLE KEYS */;
UNLOCK TABLES;

--
-- Table structure for table `entidad`
--

DROP TABLE IF EXISTS `entidad`;
/*!40101 SET @saved_cs_client     = @@character_set_client */;
/*!40101 SET character_set_client = utf8 */;
CREATE TABLE `entidad` (
  `cve_ent` int(11) NOT NULL,
  `nom_ent` varchar(45) DEFAULT NULL,
  `nom_abr` varchar(45) DEFAULT NULL,
  `id_pais` varchar(2) DEFAULT NULL,
  `num_reg` int(4) DEFAULT NULL,
  `id_estatus` varchar(2) DEFAULT NULL,
  PRIMARY KEY (`cve_ent`)
) ENGINE=InnoDB DEFAULT CHARSET=latin1;
/*!40101 SET character_set_client = @saved_cs_client */;

--
-- Dumping data for table `entidad`
--

LOCK TABLES `entidad` WRITE;
/*!40000 ALTER TABLE `entidad` DISABLE KEYS */;
INSERT INTO `entidad` VALUES (1,'Aguascalientes','Ags.','MX',-3,NULL),(2,'Baja California','BC','MX',0,NULL),(3,'Baja California Sur','BCS','MX',0,NULL),(4,'Campeche','Camp.','MX',0,NULL),(5,'Coahuila de Zaragoza','Coah.','MX',2,NULL),(6,'Colima','Col.','MX',0,NULL),(7,'Chiapas','Chis.','MX',-1,NULL),(8,'Chihuahua','Chih.','MX',0,NULL),(9,'Ciudad de México','DF','MX',18,NULL),(10,'Durango','Dgo.','MX',0,NULL),(11,'Guanajuato','Gto.','MX',2,NULL),(12,'Guerrero','Gro.','MX',0,NULL),(13,'Hidalgo','Hgo.','MX',0,NULL),(14,'Jalisco','Jal.','MX',3,NULL),(15,'Estado de México','Mex.','MX',1,NULL),(16,'Michoacán de Ocampo','Mich.','MX',0,NULL),(17,'Morelos','Mor.','MX',-1,NULL),(18,'Nayarit','Nay.','MX',0,NULL),(19,'Nuevo León','NL','MX',76,'1'),(20,'Oaxaca','Oax.','MX',0,NULL),(21,'Puebla','Pue.','MX',1,NULL),(22,'Querétaro','Qro.','MX',8,NULL),(23,'Quintana Roo','Q. Roo','MX',1,NULL),(24,'San Luis Potosí','SLP','MX',2,NULL),(25,'Sinaloa','Sin.','MX',0,NULL),(26,'Sonora','Son.','MX',0,NULL),(27,'Tabasco','Tab.','MX',0,NULL),(28,'Tamaulipas','Tamps.','MX',0,NULL),(29,'Tlaxcala','Tlax.','MX',0,NULL),(30,'Veracruz','Ver.','MX',1,NULL),(31,'Yucatán','Yuc.','MX',0,NULL),(32,'Zacatecas','Zac.','MX',0,NULL);
/*!40000 ALTER TABLE `entidad` ENABLE KEYS */;
UNLOCK TABLES;

--
-- Table structure for table `extra`
--

DROP TABLE IF EXISTS `extra`;
/*!40101 SET @saved_cs_client     = @@character_set_client */;
/*!40101 SET character_set_client = utf8 */;
CREATE TABLE `extra` (
  `id_extra` int(11) NOT NULL AUTO_INCREMENT,
  `titulo` varchar(145) DEFAULT NULL,
  `id_tipo` int(11) DEFAULT NULL,
  `costo` int(11) DEFAULT NULL,
  `id_unidad` int(11) DEFAULT NULL,
  `no_unidades` int(11) DEFAULT NULL,
  `imagen` varchar(150) DEFAULT NULL,
  `estatus` varchar(2) DEFAULT NULL,
  PRIMARY KEY (`id_extra`),
  KEY `fk_id_tipo_extra_idx` (`id_tipo`),
  KEY `fk_id_unidad_idx` (`id_unidad`),
  CONSTRAINT `fk_id_tipo_extra` FOREIGN KEY (`id_tipo`) REFERENCES `tipo_extra` (`id_tipo`) ON DELETE NO ACTION ON UPDATE NO ACTION,
  CONSTRAINT `fk_id_unidad` FOREIGN KEY (`id_unidad`) REFERENCES `unidad` (`id_unidad`) ON DELETE NO ACTION ON UPDATE NO ACTION
) ENGINE=InnoDB AUTO_INCREMENT=56 DEFAULT CHARSET=utf8;
/*!40101 SET character_set_client = @saved_cs_client */;

--
-- Dumping data for table `extra`
--

LOCK TABLES `extra` WRITE;
/*!40000 ALTER TABLE `extra` DISABLE KEYS */;
INSERT INTO `extra` VALUES (1,'TRÉBOL 4.5CM',1,65,2,10,'sharons-pasteleria-panaderia-cafeteria-acapulco-decorado-fondant_01.jpg','A'),(2,'ASTROMELÍA',2,120,1,50,'sharons-pasteleria-panaderia-cafeteria-acapulco-decorado-flores-naturales_01.jpg','A'),(3,'OBLEA IMPRESA ACETATO',3,80,3,1,'sharons-pasteleria-panaderia-cafeteria-acapulco-decorado-adicionales_02.jpg','A'),(4,'ROSA CHICA',1,35,3,20,'sharons-pasteleria-panaderia-cafeteria-acapulco-decorado-fondant_02.jpg','A'),(5,'CASABLANCA',2,140,3,20,'sharons-pasteleria-panaderia-cafeteria-acapulco-decorado-flores-naturales_02.jpg','A'),(6,'Test',1,123,1,12,'sharons-pasteleria-panaderia-cafeteria-acapulco-decorado-fondant_03.jpg','E'),(7,'ROSA CON HOJAS 2',1,49,3,20,'sharons-pasteleria-panaderia-cafeteria-acapulco-decorado-fondant_03.jpg','E'),(8,'ACAPULCO',2,140,3,20,'sharons-pasteleria-panaderia-cafeteria-acapulco-decorado-flores-naturales_03.jpg','A'),(9,'ROSA CON HOJAS',1,49,3,20,'sharons-pasteleria-panaderia-cafeteria-acapulco-decorado-fondant_03.jpg','A'),(10,'ALCATRAZ 5CM',1,35,3,20,'sharons-pasteleria-panaderia-cafeteria-acapulco-decorado-fondant_04.jpg','A'),(11,'CEBOLLÍN 5CM',1,300,2,10,'sharons-pasteleria-panaderia-cafeteria-acapulco-decorado-fondant_05.jpg','A'),(12,'ESTRELLA MINI',1,100,2,10,'sharons-pasteleria-panaderia-cafeteria-acapulco-decorado-fondant_06.jpg','A'),(13,'SURTIDAS 2 A 5CM',1,100,2,10,'sharons-pasteleria-panaderia-cafeteria-acapulco-decorado-fondant_07.jpg','A'),(14,'LISIANTHUS',1,20,3,20,'sharons-pasteleria-panaderia-cafeteria-acapulco-decorado-fondant_08.jpg','A'),(15,'Estrella 5 cm',1,100,2,10,'sharons-pasteleria-panaderia-cafeteria-acapulco-decorado-fondant_09.jpg','A'),(16,'TERESITA 15CM',1,120,3,120,'sharons-pasteleria-panaderia-cafeteria-acapulco-decorado-fondant_10.jpg','A'),(17,'ONDULADA 15CM',1,150,3,20,'sharons-pasteleria-panaderia-cafeteria-acapulco-decorado-fondant_11.jpg','A'),(18,'LILI CON HOJAS 15CM',1,180,3,20,'sharons-pasteleria-panaderia-cafeteria-acapulco-decorado-fondant_11.jpg','A'),(19,'LILI 15CM',1,150,3,20,'sharons-pasteleria-panaderia-cafeteria-acapulco-decorado-fondant_13.jpg','A'),(20,'ORQUÍDEA 15CM',1,180,3,20,'sharons-pasteleria-panaderia-cafeteria-acapulco-decorado-fondant_14.jpg','A'),(21,'PEONÍA 25CM',1,250,3,250,'sharons-pasteleria-panaderia-cafeteria-acapulco-decorado-fondant_15.jpg','A'),(22,'ORQUIDEA SINGAPUR 20CM',1,300,3,20,'sharons-pasteleria-panaderia-cafeteria-acapulco-decorado-fondant_16.jpg','A'),(23,'ROSA GRANDE',1,75,3,20,'sharons-pasteleria-panaderia-cafeteria-acapulco-decorado-fondant_17.jpg','A'),(24,'FLOR DE AGUAS 5CM',1,10,3,20,'sharons-pasteleria-panaderia-cafeteria-acapulco-decorado-fondant_18.jpg','A'),(25,'CAMPANILLA CHINA',1,100,2,10,'sharons-pasteleria-panaderia-cafeteria-acapulco-decorado-fondant_19.jpg','A'),(26,'MIMOSA',1,90,2,10,'sharons-pasteleria-panaderia-cafeteria-acapulco-decorado-fondant_20.jpg','A'),(27,'JACINTO',1,120,2,10,'sharons-pasteleria-panaderia-cafeteria-acapulco-decorado-fondant_21.jpg','A'),(28,'FLOR LÁTEX CHICA 5CM',1,45,3,20,'sharons-pasteleria-panaderia-cafeteria-acapulco-decorado-fondant_22.jpg','A'),(29,'FLOR LÁTEX CHICA (5CM) CON BROCHE',1,120,3,20,'sharons-pasteleria-panaderia-cafeteria-acapulco-decorado-fondant_23.jpg','A'),(30,'FLOR LÁTEX CHICA (5CM) CON BROCHE',1,130,3,20,'sharons-pasteleria-panaderia-cafeteria-acapulco-decorado-fondant_24.jpg','A'),(31,'FLOR LÁTEX GRANDE 15CM',1,70,3,20,'sharons-pasteleria-panaderia-cafeteria-acapulco-decorado-fondant_25.jpg','A'),(32,'LILI',2,90,3,20,'sharons-pasteleria-panaderia-cafeteria-acapulco-decorado-flores-naturales_04.jpg','A'),(33,'ROSA',2,80,3,20,'sharons-pasteleria-panaderia-cafeteria-acapulco-decorado-flores-naturales_05.jpg','A'),(34,'ROSAS',2,350,2,10,'sharons-pasteleria-panaderia-cafeteria-acapulco-decorado-flores-naturales_06.jpg','A'),(35,'GERBERA',2,70,3,70,'sharons-pasteleria-panaderia-cafeteria-acapulco-decorado-flores-naturales_07.jpg','A'),(36,'GIPSOFILA',2,200,6,10,'sharons-pasteleria-panaderia-cafeteria-acapulco-decorado-flores-naturales_08.jpg','A'),(37,'TULIPÁN',2,650,4,50,'sharons-pasteleria-panaderia-cafeteria-acapulco-decorado-flores-naturales_09.jpg','A'),(38,'ORQUÍDEA',2,520,3,20,'sharons-pasteleria-panaderia-cafeteria-acapulco-decorado-flores-naturales_10.jpg','A'),(39,'CORSAGE DE 3 FLORES',2,280,5,10,'sharons-pasteleria-panaderia-cafeteria-acapulco-decorado-flores-naturales_11.jpg','A'),(40,'CORSAGE DE 5 FLORES',2,380,5,10,'sharons-pasteleria-panaderia-cafeteria-acapulco-decorado-flores-naturales_12.jpg','A'),(41,'CORSAGE DE 7 FLORES',2,420,5,10,'sharons-pasteleria-panaderia-cafeteria-acapulco-decorado-flores-naturales_13.jpg','A'),(42,'CORSAGE DE 14 FLORES',2,480,5,10,'sharons-pasteleria-panaderia-cafeteria-acapulco-decorado-flores-naturales_14.jpg','A'),(43,'CORSAGE DE 24 FLORES',2,580,5,10,'sharons-pasteleria-panaderia-cafeteria-acapulco-decorado-flores-naturales_15.jpg','A'),(44,'OBLEA COMESTIBLE',3,120,3,1,'sharons-pasteleria-panaderia-cafeteria-acapulco-decorado-adicionales_03.jpg','A'),(45,'AGREGAR ALTURA',3,80,3,3,'sharons-pasteleria-panaderia-cafeteria-acapulco-decorado-adicionales_04.jpg','A'),(46,'PERLA COMESTIBLE',3,1,3,40,'sharons-pasteleria-panaderia-cafeteria-acapulco-decorado-adicionales_05.jpg','A'),(47,'BROCHE BRILLANTE',3,91,3,10,'sharons-pasteleria-panaderia-cafeteria-acapulco-decorado-adicionales_06.jpg','A'),(48,'FRESAS CON CHOCOLATE',3,144,2,10,'sharons-pasteleria-panaderia-cafeteria-acapulco-decorado-adicionales_07.jpg','A'),(49,'PLUMA LARGA',3,230,3,15,'sharons-pasteleria-panaderia-cafeteria-acapulco-decorado-adicionales_08.jpg','A'),(50,'MARIPOSA SINTÉTICA',3,45,3,15,'sharons-pasteleria-panaderia-cafeteria-acapulco-decorado-adicionales_09.jpg','A'),(51,'ESTRELLA CON PIPETA',3,80,2,10,'sharons-pasteleria-panaderia-cafeteria-acapulco-decorado-adicionales_10.jpg','A'),(52,'CORSAGE ESTRELLAS Y CONCHAS',3,250,3,10,'sharons-pasteleria-panaderia-cafeteria-acapulco-decorado-adicionales_11.jpg','A'),(53,'CONCHAS Y CARACOLES FONDANT',3,650,2,10,'sharons-pasteleria-panaderia-cafeteria-acapulco-decorado-adicionales_12.jpg','A'),(54,'CONCHAS Y CARACOLES NATURALES',3,750,2,10,'sharons-pasteleria-panaderia-cafeteria-acapulco-decorado-adicionales_13.jpg','A'),(55,'lisantus',3,80,3,100,'sharons-pasteleria-panaderia-cafeteria-acapulco-decorado-fondant_01.jpg','E');
/*!40000 ALTER TABLE `extra` ENABLE KEYS */;
UNLOCK TABLES;

--
-- Table structure for table `forma`
--

DROP TABLE IF EXISTS `forma`;
/*!40101 SET @saved_cs_client     = @@character_set_client */;
/*!40101 SET character_set_client = utf8 */;
CREATE TABLE `forma` (
  `id_forma` int(11) NOT NULL,
  `descripcion` varchar(45) DEFAULT NULL,
  PRIMARY KEY (`id_forma`)
) ENGINE=InnoDB DEFAULT CHARSET=utf8;
/*!40101 SET character_set_client = @saved_cs_client */;

--
-- Dumping data for table `forma`
--

LOCK TABLES `forma` WRITE;
/*!40000 ALTER TABLE `forma` DISABLE KEYS */;
INSERT INTO `forma` VALUES (1,'Cuadrada'),(2,'Ciruclar');
/*!40000 ALTER TABLE `forma` ENABLE KEYS */;
UNLOCK TABLES;

--
-- Table structure for table `lugares`
--

DROP TABLE IF EXISTS `lugares`;
/*!40101 SET @saved_cs_client     = @@character_set_client */;
/*!40101 SET character_set_client = utf8 */;
CREATE TABLE `lugares` (
  `id_centro` int(11) NOT NULL AUTO_INCREMENT,
  `id_estado` int(11) DEFAULT NULL,
  `id_municipio` int(11) DEFAULT NULL,
  `id_tipo` int(11) DEFAULT NULL,
  `nombre` varchar(150) DEFAULT NULL,
  `direccion` varchar(150) DEFAULT 'NC',
  `telefono` varchar(150) DEFAULT NULL,
  `nombre_contacto` varchar(45) DEFAULT NULL,
  `comentarios` varchar(1500) DEFAULT NULL,
  `estatus` varchar(2) DEFAULT NULL,
  `fecha` varchar(45) DEFAULT NULL,
  `latitud` varchar(45) DEFAULT NULL,
  `longitud` varchar(45) DEFAULT NULL,
  PRIMARY KEY (`id_centro`),
  KEY `fk_estados_idx` (`id_estado`),
  KEY `fk_municipios_idx` (`id_municipio`),
  KEY `fk_tipos_lugares_idx` (`id_tipo`),
  CONSTRAINT `fk_estados` FOREIGN KEY (`id_estado`) REFERENCES `entidad` (`cve_ent`) ON DELETE NO ACTION ON UPDATE NO ACTION,
  CONSTRAINT `fk_tipos_lugares` FOREIGN KEY (`id_tipo`) REFERENCES `tipos_lugares` (`id_tipo`) ON DELETE NO ACTION ON UPDATE NO ACTION
) ENGINE=InnoDB AUTO_INCREMENT=618 DEFAULT CHARSET=utf8;
/*!40101 SET character_set_client = @saved_cs_client */;

--
-- Dumping data for table `lugares`
--

LOCK TABLES `lugares` WRITE;
/*!40000 ALTER TABLE `lugares` DISABLE KEYS */;
INSERT INTO `lugares` VALUES (1,19,6,1,'Auditorio Municipal',' Esquina Miguel Hidalgo, Gral. Ignacio Zaragoza, Apodaca Centro, 66600 Cd Apodaca, N.L.','','','(Al lado de la Presidencia municipal)\n\nFuente: www.milenio.com','A','21/Septiembre/20017','',''),(13,19,6,1,'Centro comunitario Santa Fe',' Avenida del Teléfono s/n, Santa Fe, Cd Apodaca, N.L','','','Fuente: www.milenio.com','A','21/Septiembre/20017','',''),(14,19,6,1,'Centro comunitario Prados de Santa Rosa','Calle Pirul, entre Laurel y Trueno','','','Fuente: www.milenio.com','A','21/Septiembre/20017','',''),(15,19,6,1,'DIF Municipal','CALLE MARIANO ABASOLO , 701  COLONIA MODERNO APODACA','','','Fuente: www.milenio.com','A','21/Septiembre/20017','',''),(16,19,6,1,'DIF Metroplex','66612, N25 171, Metroplex II','','','Fuente: www.milenio.com','A','21/Septiembre/20017','',''),(17,19,6,1,'DIF Pueblo Nuevo','CALLE RÍO USUMACINTA , 0  COLONIA PUEBLO NUEVO (Ciudad Apodaca)  66646','8117722149','','Fuente: www.milenio.com','A','21/Septiembre/20017','',''),(18,19,6,1,'DIF Golondrinas','CALLE LAS PALMAS , 214  FRACCIONAMIENTO GOLONDRINAS, C.P. 6664',' 8182861632','','Fuente: www.milenio.com','A','21/Septiembre/20017','',''),(19,19,6,1,'DIF Noria Sur','AVENIDA EL ARENAL , 223  COLONIA NORIA SUR (Ciudad Apodaca)  66633','8182861634','','Fuente: www.milenio.com','A','21/Septiembre/20017','',''),(20,19,9,1,'Centro de Salud Cadereyta','Escobedo y Mutualismo S/N, Centro, Sin Nombre de Col 1, 67450','','','Fuente: www.milenio.com','A','21/Septiembre/20017','',''),(21,19,26,1,'Bosque Mágico',' Eloy Cavazos s/n, La pastora, 67140','','','Fuente: www.milenio.com','A','21/Septiembre/20017','',''),(22,19,26,1,'Cruz Verde Central','Av. Presidente Benito Juárez Oriente No. 928. Col. Guerra,','','','Fuente: www.milenio.com','A','21/Septiembre/20017','',''),(23,19,26,1,'Cruz Verde Santa Cruz','CALLE CARRETERA A REYNOSA REF 1: CERRADA HIPERIÓN, REF 2: CALLE SANTA CRUZ, REF 3: CALLE HIDALGO','','','Fuente: www.milenio.com','A','21/Septiembre/20017','',''),(24,19,26,1,'Cruz Verde Zona Norte','Avenida México s/n, colonia Fuentes de San Miguel','','','Fuente: www.milenio.com','A','21/Septiembre/20017','',''),(25,19,26,1,'Clínica de Prevención del Cáncer de la Mujer','Avenida Lázaro Cárdenas 500, colonia Vivienda Popular','','','Fuente: www.milenio.com','A','21/Septiembre/20017','',''),(26,19,26,1,'Estadio BBVA Bancomer','Pablo Livas 2011, La Pastora, 67140 Guadalupe, N.L.','','','Fuente: www.milenio.com','A','21/Septiembre/20017','',''),(27,19,26,1,'HEB Chapultepec','Av. Chapultepec 180, Paraíso, 67140 Guadalupe, N.L.','','','Fuente: www.milenio.com','A','21/Septiembre/20017','',''),(28,19,26,1,'HEB Guadalupe Livas','Col., Avenida Pablo Livas 7701, Roble Santa María, 67190','','','Fuente: www.milenio.com','A','21/Septiembre/20017','',''),(29,19,26,1,'HEB Guadalupe Juárez','Av. Pdte. Benito Juárez Ote. 1851, El Sabino, 67150','','','Fuente: www.milenio.com','A','21/Septiembre/20017','',''),(30,19,26,1,'HEB Linda Vista','','','','Fuente: www.milenio.com','A','21/Septiembre/20017','',''),(31,19,26,1,'Plaza Encino, avenida Paseo de las Américas 2101','','','','Fuente: www.milenio.com','A','21/Septiembre/20017','',''),(32,19,38,1,'DIF Municipal','','','','Fuente: www.milenio.com','A','21/Septiembre/20017','',''),(33,19,39,1,'Conalep San Bernabé','','','','Fuente: www.milenio.com','A','21/Septiembre/20017','',''),(34,19,39,1,'Congreso del Estado','','','','Fuente: www.milenio.com','A','21/Septiembre/20017','',''),(35,19,39,1,'Cruz Roja Monterrey, avenida Alfonso Reyes.','','','','Fuente: www.milenio.com','A','21/Septiembre/20017','',''),(36,19,39,1,'DIF Monterrey, Morones Prieto 10, colonia Nuevo Repueblo','','','','Fuente: www.milenio.com','A','21/Septiembre/20017','',''),(37,19,39,1,'Facultad de Artes Visuales','','','','Fuente: www.milenio.com','A','21/Septiembre/20017','',''),(38,19,39,1,'HEB Lincoln','','','','Fuente: www.milenio.com','A','21/Septiembre/20017','',''),(39,19,39,1,'HEB Contry','','','','Fuente: www.milenio.com','A','21/Septiembre/20017','',''),(40,19,39,1,'HEB Valle Oriente','','','','Fuente: www.milenio.com','A','21/Septiembre/20017','',''),(41,19,39,1,'HEB Valle Alto','','','','Fuente: www.milenio.com','A','21/Septiembre/20017','',''),(42,19,39,1,'Medical Center Stations, avenida No Reelección, colonia Barrio','','','','Fuente: www.milenio.com','A','21/Septiembre/20017','',''),(43,19,39,1,'Micrópolis, avenida Eugenio Garza Sada 3820','','','','Fuente: www.milenio.com','A','21/Septiembre/20017','',''),(44,19,39,1,'Multimedios Televisión','','','','Fuente: www.milenio.com','A','21/Septiembre/20017','',''),(45,19,39,1,'Plaza Garibaldi, centro de Monterrey','','','','Fuente: www.milenio.com','A','21/Septiembre/20017','',''),(46,19,39,1,'Pueblo Serena','','','','Fuente: www.milenio.com','A','21/Septiembre/20017','',''),(47,19,39,1,'U- ERRE','','','','Fuente: www.milenio.com','A','21/Septiembre/20017','',''),(48,19,46,1,'Cedeco','','','','Fuente: www.milenio.com','A','21/Septiembre/20017','',''),(49,19,46,1,'Ciudad Universitaria UANL','','','','Fuente: www.milenio.com','A','21/Septiembre/20017','',''),(50,19,46,1,'Facultad de Arquitectura UANL','','','','Fuente: www.milenio.com','A','21/Septiembre/20017','',''),(51,19,46,1,'Facultad de Mecánica y Eléctrica UANL','','','','Fuente: www.milenio.com','A','21/Septiembre/20017','',''),(52,19,46,1,'HEB San Nicolás','','','','Fuente: www.milenio.com','A','21/Septiembre/20017','',''),(53,19,19,1,'HEB San Pedro','Calzada del Valle 601 Pte Col. Del Valle, Del Valle, 66220','','','Fuente: www.milenio.com','A','21/Septiembre/20017','',''),(54,19,19,1,'Torre Binbit','Av. Lázaro Cárdenas 435, Zona Loma Larga Poniente, 66250','','','Fuente: www.milenio.com','A','21/Septiembre/20017','',''),(55,19,19,1,'Señor Bigotes','Calle Libertad 200, Colina Casco Urbano','','','Fuente: www.milenio.com','A','21/Septiembre/20017','',''),(56,19,48,1,'HEB Santa Catarina','','','','Fuente: www.milenio.com','A','21/Septiembre/20017','',''),(57,19,48,1,'CEDIM','','','','Fuente: www.milenio.com','A','21/Septiembre/20017','',''),(58,9,10,2,'Deportivo G3','Av. Escuadrón 201 s/n Col. Victoria','','','Fuente: Locatel.','A','21/Septiembre/20017','',''),(59,9,2,2,'Azcapotzalco','Avenida del Rosario S/N, Colonia San Martín Xochinahuac','','','Fuente: Locatel.','A','21/Septiembre/20017','',''),(60,9,14,2,'Deportivo Benito Juaréz','Calle Uxmal 807-A, esquina Municipio Libre, Col. Santa Cruz Atoyac','','','Fuente: Locatel.','A','21/Septiembre/20017','',''),(61,9,14,2,'Cumbres de Acutzingo y Eje 4 Xola','Cumbres de Acultzingo y Eje 4 Xola','','','Fuente: Locatel.','A','21/Septiembre/20017','',''),(62,9,3,2,'Gimnasio Ajusco','Coras s/n, Col. Ajusco','','','Fuente: Locatel.','A','21/Septiembre/20017','',''),(63,9,3,2,'Gimnasio Coyoacán','Calle Cuauhtémoc s/n esq. Ahuayo, Col. El Carmen','','','Fuente: Locatel.','A','21/Septiembre/20017','',''),(64,9,3,2,'Deportivo Culhuacanes','Calz. Taxquela #1811, Col. Ex Ejido de San Francisco Culhuacan','','','Fuente: Locatel.','A','21/Septiembre/20017','',''),(65,9,3,2,'Deportivo Rosario Iglesias','Calzada del Hueso #400, Col. Los Girasoles','','','Fuente: Locatel.','A','21/Septiembre/20017','',''),(66,9,3,2,'Centro de desarrollo comunitario','Calzada de las bombas s/n casi esquina cafetales, Col. CTM Culhuacan IX - A.','','','Fuente: Locatel.','A','21/Septiembre/20017','',''),(67,9,3,2,'Deportivo de los electricistas Club Deportivo Girasoles','Calzada del Hueso #381','','','Fuente: Locatel.','A','21/Septiembre/20017','',''),(68,9,3,2,'Dirección Territorial Culhuacanes','Rosa Maria Siqueria y la Virgen','','','Fuente: Locatel.','A','21/Septiembre/20017','',''),(69,9,3,2,'Casa de las Letras \"Las Américas Salvador Allende\"','Av. Canal de Miramontes 2133, Col. El Centínela','','','Fuente: Locatel.','A','21/Septiembre/20017','19.3336126','-99.1370858'),(70,9,15,2,'Deportivo Cuahutemoc','Entre calle Aldama y Jesús García, col. Buenavista','','','Fuente: Locatel.','A','21/Septiembre/20017','19.4428281','-99.1523043'),(71,9,15,2,'Deportivo Mina','Calle Mina, entre Héroes y Soto, Col. Guerrero','','','Fuente: Locatel.','A','21/Septiembre/20017','19.4387462','-99.148909'),(72,9,15,2,'Salón de usos múltiples','Chimalpopoca #273, col. Tránsito','','','Fuente: Locatel.','A','21/Septiembre/20017','',''),(73,9,15,2,'Preparatoria Popular Mártires de Tlatelolco','Entre Fresno y Sabino, col. Atlampa','','','Fuente: Locatel.','A','21/Septiembre/20017','19.455013','-99.1602072'),(74,9,15,2,'Casa Refugio Citlaltépetl','Citlaltépetl #25, Hipódromo, 06170 esquina con Amsterdam y Campeche','','','Fuente: Locatel.','A','21/Septiembre/20017','19.4090973','-99.1717024'),(75,9,4,2,'Deportivo Morelos','Avenida Castorena, esq. San José de los Cedros','','','Fuente: Locatel.','A','21/Septiembre/20017','19.3636031','-99.2866976'),(76,9,7,2,'Centro Comunitario Luis Donaldo Colosio','Av. Lázaro Cárdenas s/n, entre 20 de Noviembre y Jalisco, col. Villa Estrella, Camino al Cerro de la Estrella sin número','','','Fuente: Locatel.','A','21/Septiembre/20017','19.3425659','-98.9969399'),(77,9,7,2,'Centro Social Violeta Parra','Calle Lateral de Churubusco s/n sobre camellón, col. San José Aculco, 09410','','','Fuente: Locatel.','A','21/Septiembre/20017','19.3733907','-99.1004249'),(78,9,7,2,'Centro Vientos de la Libertad','Calle Súper Manzana # 1, Col Ejército','','','Fuente: Locatel.','C ','21/Septiembre/20017','19.3856671','-99.0521918'),(79,9,7,2,'Stand de tiro PGJ CDMX','Cabeza de Juárez','','','','C ','21/Septiembre/20017','',''),(80,9,7,2,'Centro cultural \"Lomas Estrella\"',' Macedonia, Lomas Estrella 2da Sec. 09890','','','Fuente: Locatel.','C ','21/Septiembre/20017','19.3131894','-99.092285'),(81,9,8,2,'Calle Atacaxco','Cazulco, Barrio Sierra','','','Fuente: Locatel.','C ','21/Septiembre/20017','',''),(82,9,8,2,'Calle Cazulco','Barrio Sierra','','','Fuente: Locatel.','C ','21/Septiembre/20017','',''),(83,9,8,2,'Deportivo Casa Popular','Av. Luis Cabrera 1, esq. Av. Contreras, Col. San Jerónimo Lidice','','','Fuente: Locatel.','C ','21/Septiembre/20017',' 19.3228473','-99.2238831'),(84,9,14,1,'Oficinas DIF Nacional','Ave. Emiliano Zapata #340, Col. Santa Cruz Atoyac','','','Fuente: Noticieros.televisa.com','C ','21/Septiembre/20017','',''),(85,9,14,1,'Almacén General DIF','Ave. México Coyoacán #278, col. Santa Cruz Atoyac','','','Fuente: Noticieros.televisa.com ','C ','21/Septiembre/20017','',''),(86,9,16,1,'Centro de Acopio No 1. Campo Marte','Avenida paseo de la Reforma 11850, Col. San Miguel Chapultepec ','','','Noticieros.televisa.com','C ','21/Septiembre/20017','',''),(87,9,14,1,'CENDI','Cumbres de Acotzingo y Eje 4 Xola','','','Fuente: Excelsior.com.mx','C ','21/Septiembre/20017','',''),(88,9,3,1,'Casa Hogar para Niñas, Graciela Zubirán','Av. Insurgentes Sur No. 3700 A, Col. Cuicuilco, delegación Coyoacán.','','','Fuente: https://www.gob.mx','C ','21/Septiembre/20017','',''),(89,9,15,1,'Centro Histórico','Zócalo, en la carpa blanca de la secretaria de gobernación. ','','','Fuente: noticieros.televisa.com','C ','21/Septiembre/20017','',''),(90,9,15,1,'Bahía Magdalena 53 ','Bahía Magdalena 53 Esq. Bahía Montejo, Veronica Anzures ','','','De 7 am a 23 hrs (fuente: noticieras.televisa.com) ','C ','21/Septiembre/20017','',''),(91,9,15,1,'Policia Federal Mx','Londres 102 Colonia Juárez C.P. 06600','','','Fuetnte: Noticieros.televisa.com','C ','21/Septiembre/20017','',''),(92,9,15,1,'Explanada delegacional','Aldama y Mina S/N, Col. Buenavista ','','','Noticieros.televisa.com','C ','21/Septiembre/20017','',''),(93,9,16,1,'Cruz Roja Mexicana Sede Nacional. ','Polanco I, Polanco, Polanco I Secc, 11510 ','','','Fuente: noticieros.televisa.com','C ','21/Septiembre/20017','',''),(94,9,12,1,'Six Flags México','Carretera picacho ajusco km 1.5 c.p. 14200','','','Noticieros.televisa.com','C ','21/Septiembre/20017','',''),(95,9,17,1,'Congreso de la Unión','Av. congreso de la unión no. 66 ','','','Noticieros.televisa.com','C ','21/Septiembre/20017','',''),(96,9,13,1,'Pista Olímpica de remo y canotaje Virgilio Uribe','Antiguo canal a Cuernavaca 4557','','','Noticieros.televisa.com','C ','21/Septiembre/20017','',''),(97,9,14,1,'Proteción Civil CD MX','Av. Cuauhtémoc 1240, Benito Juárez, Sta. Cruz Atoyac, 03310.','','','Fuente: Noticieros.televisa.com','C ','21/Septiembre/20017','',''),(98,9,11,2,'DIF, C.D.C. Quetzalcóatl ','Joaquín Amaro y Carlos A. Ávila, Col. Pueblo San Francisco Taltenco, C.P. 13400','','','Fuente: http://www.dif.cdmx.gob.mx/','A','21/Septiembre/20017','19.2953653','-99.0157303'),(99,9,11,2,'C.D.C. Tláhuac ','Gabriel Ramos Millán esq. Camino Real y Prov. de Guadalupe, Col. Barrio de San Juan Ixtlayopan, C.P. 13500','','','Fuente: http://www.dif.cdmx.gob.mx/','A','21/Septiembre/20017','19.2420009','-98.9989409'),(100,9,7,2,'DIF, C.D.C. Iztapalapa Nuevo ','Parque la Ford, esq. Ermita Iztapalapa, Col. Reforma Política C.P. 09730','','','Fuentr: http://www.dif.cdmx.gob.mx/','A','21/Septiembre/20017','19.3431187','-99.0337353'),(101,9,10,2,'Salón de Usos Múltiples','Calle 10 y Canarios, Col. Tolteca ( a un costado del módulo de licencias y control vehicular)','','','Fuente Locatel','A','21/Septiembre/20017','19.3902633','-99.1976437'),(102,9,7,2,'DIF, C.D.C. Josefa Ortiz de Domínguez ','Palmas s/n (predio la catedral), col. 2a. Ampliación Santiago Acanultepec, C.P. 09609','','','Fuente: http://www.dif.cdmx.gob.mx/','C','22/September/2017 ','19.5382999','-99.2592622'),(103,9,9,2,'DIF, C.D.C. Milpa Alta ','Av. Nuevo León s/n col. Villa Milpa Alta, C.P. 12000','','','Frente a la clínica de Odontologia UNAM (Fuente: http://www.dif.cdmx.gob.mx/)','C','22/September/2017 ','19.1982775','-99.0165497'),(104,9,13,2,'DIF, C.D.C. Xochimilco ','Av. Plan de Muyuguarda esq. Canal de Alahuetalco, Barrio 18','','','Fuente: http://www.dif.cdmx.gob.mx/','C','22/September/2017 ','19.2767973','-99.1192707'),(105,9,16,2,'DIF, C.D.C. Miguel Hidalgo ','Av. Las Torres, esq. Jesús Lecuona col. Miguel Hidalgo ','','','Fuente: http://www.dif.cdmx.gob.mx/','C','22/September/2017 ','19.2837941','-99.1957484'),(106,9,5,2,'Parque Deportivo Miguel Alemán ','Calle Lidavista, esq. Lima (parque Miguel Alemán),  Col. Lindavista','','','Fuente: http://www.dif.cdmx.gob.mx/','C','22/September/2017 ','19.4898229','-99.126832'),(107,9,14,2,'Centro Cultural y Recreativo Niños Héroes ','Av. Popocatépetl 216, col. Santa Cruz Atoyac, c.p.  03310','','','Fuente: http://www.dif.cdmx.gob.mx/','C','22/September/2017 ','19.3634765','-99.1615371'),(108,17,7,1,'DIF Las Quintas','Las Quintas 15, colonia Cantarranas','','','Necesitan: Leche en polvo, ropa y zapatos, alimentos no perecederos, agua embotellada, antibiótico y antigripales, ropa para bebé, casas de campaña, toallas sanitarias (Fuente: http://www.excelsior.com.mx).','C','23/September/2017 ','',''),(109,17,7,1,'Centro Estatal de Transfusión Sanguinea','Av. Gómez Azcarate s/n, Lomas de la Selva, 62270 Cuernavaca','','','Necesitan: Donadores de sangre. (Fuente: http://www.excelsior.com.mx)','C','23/September/2017 ','',''),(110,17,7,1,'Parque Chapultepec','Bajada de Chapultepec 27, Chapultepec 62450','','','Necesitan: Comida enlatada, agua embotellada, toallas femeninas, papel higiénico, gasas, alcohol, agua oxigenada, vendas, curitas, cubrebocas, aceite galletas, desodorantes, jabón líquido, analgésicos, paracetamol, naproxeno, ibuprofeno, leche en polvo, pañales para bebé (Fuente: http://www.excelsior.com.mx)','C','23/September/2017 ','',''),(111,21,114,1,'Centro Expositor Puebla','Ejército Oriente No. 100, Zona de los Fuertes, 72260 Puebla','','','Necesitan: alimentos no perecederos, productos de higiene personal (Fuente: http://www.excelsior.com.mx).','C','23/September/2017 ','19.0564771','-98.1806463'),(112,21,114,1,'Zócalo de Puebla','Juan de Palafox y Mendoza, Centro, 72000 (Entrar por Calle 3 Oriente a un costado de la catedral).','','','Necesitan: Atún, sardina, frijol enlatado, café, aceite, galletas, leche en polvo, sopas instantáneas, sopas de pasta, detergente, cubertas, escobas, cloro, pino, trapeadores, shampoo, pasta dental, cepillo de dientes.','C','23/September/2017 ','19.0438393','-98.1982317'),(113,15,106,1,'Estadio Nemesio Diez (reciben en Acceso 12)','Av. Constituyentes Pte. #1000, Barrio de San Bernardino, 50080 ','','','Necesitan: Materiales de curación, material de limpieza, artículos de higiene personal, artículos no perecederos.','C','23/September/2017 ','',''),(114,15,106,1,'DIF Edomex','Paseos Colón y Tollocan S/N, Isidro Fabela Primera Secc, 50170 ','','','Necesitan: muletas, cabestrillos, collarines, guantes desechables, gasas, electrodos, vendas, guantes quirúrgicos, cepillos quirúrgicos.','C','23/September/2017 ','',''),(115,12,29,1,'Centro de Rehabilitación Integral de Guerrero','Av. René Juárez Cisneros S/N, Cuidad de Los Servicios, 39095 Chilpancingo de los Bravo','','','Necesitan: alimentos enlatados, artículos de aseo personal, ropa y cobijas, agua embotellada, alimentos para bebé, artículos de limpieza y medicamentos (Fuente: http://www.excelsior.com.mx)','C','23/September/2017 ','17.5299614','-99.4944191'),(116,9,15,4,'Clínica Especializada Condesa','Gral Benjamín Hill 24, Hipódromo Condesa, 06170 (Frente a La salle)','','','Si requieres o conoces a alguién que necesite apoyo psicológico y/o psiquiátrico como consecuencia de la catástrofe ocurrida hace unos días acude a la clínica especializada condesa que en conjunto con más de 200 especialistas en salud mental, estaremos brindando la atención necesaria sin costo alguno a partir del 22 de Septiembre.','C','23/September/2017 ','',''),(117,9,15,1,'Aprendiendo LSM','Río Nazas #26 Piso 1 Int. 4 Colonia Cuauhtémoc. 0',' 4455-4022-8949 (Sólo mensajes) 04455-3734-0145','','Mucha ropa, comida y medicamentos a la comunidad de sordos en jojutla','C','23/September/2017 ','',''),(118,19,39,1,'Croqueton Monterrey - Ayuda a los Animales Damnificados','Calle Filósofos, Tecnológico, 64700 Monterrey, NL, México','','','Nos unimos a la causa de ayudar a los damnificados por el terremoto sucedido el día de ayer en distintas partes del Estado de México. Nos enfocamos principalmente en suministros para los animalitos que también necesitan de nuestro auxilio, así que invitamos a todas las personas a hacer su donativo :)\nEstaremos de 12:00pm. a 7:00 pm. del día jueves 21 al domingo 24 de septiembre en el parque de la col. Tecnologico.\n\nLista de cosas:\n- Croquetas para perro o gato\n- Sabanas o Colchas\n- Agua Embotellada\n- Gasas o equipo de medicación simple\n- Guantes\n- Sobres o latas de alimento\n- Pilas\n. Lamparas\n\n\nTambién recibimos donativo para las personas afectadas...','C','23/September/2017 ','',''),(119,9,16,1,'Lago Tanganica 67 Polanco','Lago Tanganica #67, Colonia Granada, C.P. 11520, Del. Miguel Hidalgo, Ciudad de Mexico (a un costado del Sams Polanco)','1-800-170-6767','','Nuestra misión es:\nOrganizar el acopio, manejo y distribución de bienes destinados a damnificados y áreas afectadas.\nTrabajar de manera responsable, confiable y transparente.\nRecaudar fondos para comprar maquinarias especializadas, medicinas especializadas y construir nuevos edificios.\nHacer acuerdos de colaboración con organizaciones afines, confiables y responsables.\n\nPÍDENOS AYUDA WhatsApp: 55 16 52 21 07\n¿QUIERES DONAR? WhatsApp: 55 49 38 36 48\n¿QUIERES SER VOLUNTARIO? WhatsApp: 55 49 38 90 87\nAYÚDANOS A TRANSPORTAR WhatsApp: 55 49 38 90 87','C','23/September/2017 ','',''),(120,7,78,1,'La Mano del Mono','Av. 5 de Mayo #67. Barrio de Mexicanos','967 161 44 05','Mar Alfaro','Viveres: Atún, leche en polvo, harinas, frijol, arroz precocido, cobertores, impermiables, ropa para niños y adultos, productos de higiene. Medicamentos: Para fiebre y diarrea principalmente, desinfectante de agua. Donativos: para comprar los materiales que se requieren y gasolina para transportar víveres y personal a las comunidades.','C','23/September/2017 ','16.738567','-92.640861'),(121,19,39,1,'Oficinas DIF Nuevo León','Av. Morones Prieto 600 Ote. Col. Independencia','','','Horario de 8 a 5 p.m. (Fuente: http://pijamasurf.com)','C','24/September/2017 ','',''),(122,13,26,1,'Biblioteca Pública Municipal - Huazalingo','Plaza Cívica frente al jardin municipal CP. 43070 - Biblioteca Municipal','(01771) 20 4 9191','','De Lunes a viernes de 9:00 a 20:00 y sábados de 9:00 a 15:00 horas ( horario biblioteca), del 22 al 30 de Septiembre del 2017.','C','24/September/2017 ','',''),(123,5,30,1,'Instituto Universitario del Norte','Calle Manuel Acuña 875 #875 esq. Ramón Corona, Zona Centro, 25000 Saltillo','','','El Instituto Universitario del Norte abre un centro de acopio para recolectar víveres para las personas afectadas por el sismo del día 19 de Septiembre estaremos recibiendo: Agua Embotellada, Productos Enlatados no perecederos (Atún, sardinas, verduras enlatadas), y artículos de higiene personal (Papel higiénico, toallas sanitarias, pañales, shampoo, jabón, cepillos, pasta dental) esperamos contar con el apoyo de todos los alumnos, docentes y administrativos de la institución. Lo estaremos recibiendo en el campus. Agradecemos de antemano su apoyo para esta noble causa. (Fuente: https://www.facebook.com/SoyInsunte/ , evento del 20 al 30 de Septiembre)','C','24/September/2017 ','',''),(124,5,30,1,'Preparatoria Manuel Acuña','Calle Victoria #395 Zona Centro Saltillo.','','','Agua embotellada, alimentos no perecederos, ropa, cobijas, artículos de aseo persoanl y medicamentos.','C','24/September/2017 ','',''),(125,5,25,1,'Instituto Universitario del Norte ','Calle Aduana No. 900 Col. Burócratas Piedras Negras Coah','','','Agua embotellada, alimentos no perecederos, ropa, cobijas, artículos de aseo persoanl y medicamentos.','C','24/September/2017 ','',''),(126,5,35,1,'Instituto Universitario del Norte ','Ocampo Ote. No. 1130, Centro Torreón Coahuila','','','Agua embotellada, alimentos no perecederos, ropa, cobijas, artículos de aseo persoanl y medicamentos.','C','24/September/2017 ','',''),(127,5,18,1,'Instituto Universitario del Norte','V. Carranza No. 111, Centro. ','','','Agua embotellada, alimentos no perecederos, ropa, cobijas, artículos de aseo persoanl y medicamentos.','C','24/September/2017 ','',''),(128,20,67,1,'Voluntariado DIF Oaxaca','Av. Juárez 914, Centro, 68000 Oaxaca, Oax.',' 5520 9900 ','','Te invito a apoyar a las familias oaxaqueñas afectadas. Los centros de acopio son el Voluntariado DIF y el gimnasio Ricardo Flores Magón','C','24/September/2017 ','17.071013','-96.719621'),(129,20,67,1,'Gimnasio Ricardo Flores Magón','Centro, 68000 Oaxaca','','','Agua embotellada / cobijas / productos enlatados / leche en polvo /  maíz aceite\n/ azúcar / sal / cloro / ropa en buen estado / botiquín de primeros auxilios / products de uso\npersonal / toallitas humedas / papel de baño / pañales / jabón (Fuente twitter: Gobierno de Oaxaca @GobOax).','C','24/September/2017 ','17.0674701','-96.7118431'),(130,20,43,2,'SEMARNAT','Deportivo 20 de Noviembre \"Che Gómez\"','','','Fuente: Twitter @Gob Oax (Gobierno de Oaxaca)','C','24/September/2017 ','',''),(131,20,43,2,'SAGARPA Y SEDENA','Estadio de Beisbol y Canchas Anexas','','','Fuente: Gobierno de Oaxaca (@GobOax).','C','24/September/2017 ','16.4438749','-95.0195664'),(132,20,43,2,'SEDATU','Canchas del Fracconamiento del IVO','','','Fuente: Twitter @GobOax (Gobierno de Oaxaca).','C','24/September/2017 ','17.0602709','-96.7151591'),(133,20,43,2,'Gobierno del Estado','Calle Tecnólogico entre Allende y Benito Juárez','','','Fuente: Twitter @GobOax (Gobierno de Oaxaca).','C','24/September/2017 ','',''),(134,20,43,2,'CDI','Escuela Primaria Adolgo C. Currion, Calle Cristobal Colón','','','Fuente: Twitter @GobOax (Gobierno de Oaxaca).','C','24/September/2017 ','',''),(135,20,43,2,'SCT','Explanada de la Iglesia de los Pescadores','','','Fuente: Twitter @GobOax (Gobierno de Oaxaca).','C','24/September/2017 ','',''),(136,20,43,2,'SENER','Campo los Tiburones','','','Fuente: Twitter @GobOax (Gobierno de Oaxaca).','C','24/September/2017 ','',''),(137,20,43,2,'SSA','Parque Público Municipal \"Los Campesinos\"','','','Fuente: Twitter @GobOax (Gobierno de Oaxaca).','C','24/September/2017 ','',''),(138,20,43,2,'GOB. DEL. EDO.  Juchitán','Esc. Primaria Centenario Juáres, Calle Enrique Jiménez y Emiliano Zapata','','','Fuente: Twitter @GobOax (Gobierno de Oaxaca).','C','24/September/2017 ','',''),(139,20,43,2,'LICONSA','Esc. Sec. Pública 106, Chicapa de Castro','Fuente: Twitter @GobOax (Gobierno de Oaxaca).','','','C','24/September/2017 ','',''),(140,20,75,2,'Reforma Pineda','Unidad Deportiva','','','Fuente: Twitter @GobOax (Gobierno de Oaxaca).','C','24/September/2017 ','',''),(141,20,43,2,'Pista el Calvario - Juchitán de Zaragoza','Pista el Calvario ','','','Fuente: Twitter @GobOax (Gobierno de Oaxaca).','C','24/September/2017 ','',''),(142,20,505,2,'Santo Domingo Ingenio','Mártire de Chicago s/n, Barrio Viejo','','','Fuente: Twitter @GobOax (Gobierno de Oaxaca).','C','24/September/2017 ','',''),(143,20,248,2,'Palacio Municipal- San Mateo del Mar','Calle Hidalgo SN, Huazatlan del Rio, 70780 San Mateo del Mar, Oax.','','','Fuente: Twitter @GobOax (Gobierno de Oaxaca).','C','24/September/2017 ','16.2097542','-94.9820044'),(144,20,14,2,'CD. Ixtepec','Joaquín Amaro a un costado de la Pepsi detrás del Parque Belisario Dominguez','','','Fuente: Twitter @GobOax (Gobierno de Oaxaca).','C','24/September/2017 ','',''),(145,9,3,1,'UNAM - Estadio Olímpico','Universidad Nacional Autonoma de Mexico C.U., Av de los Insurgentes Sur S/N, Cd. Universitaria, 04510','','','Junto a las astas bandera desde las 9:00 horas hasta las 17:00 horas.\n\nSe recibirán víveres y alimentos no perecederos como latas de atún, sardina y verduras; sal, azúcar, café, aceite, leche en polvo, sopa de pasta, galletas, mayonesa y agua embotellada.\n\nTambién se requiere la recaudación de productos de higiene personal que incluye papel sanitario, servilletas, pañales, toallas femeninas, cepillos dentales, champú y jabón de tocador. Y productos de limpieza: limpiador de pino, cloro, cubetas, escobas, jaladores, franelas, jergas y cepillos.\n\nFuente: http://www.eluniversal.com.mx','C','24/September/2017 ','',''),(146,9,5,1,'IPN - Zacatenco','Avenida Juan de Dios Bátiz sin número esquina Luis Enrique Erro, colonia Residencial la Escalera.','','','En las instalaciones de la Secretaría de Extensión e Integración Social (http://www.eluniversal.com.mx).','C','24/September/2017 ','',''),(147,9,16,1,'IPN - Casco de Santo Tomás','Cuadrilátero, Prolongación de Carpio y Lauro Aguirre sin número, Casco de Santo Tomás','5729 6000 con extensión 51673.','','Fuente: http://www.eluniversal.com.mx.','C','24/September/2017 ','',''),(148,21,114,1,'Rodeo W','Gran Avenida 3629 Col. Las Cuartillas','','Jessica Castro','Horario de Lunes a Domingo de 9am a 6pm, sino te abren toca fuerte en la puerta.\nComo prioridad se necesitan alimentos no perecederos, colchas y cobijas.\nTambién se esta recaudando materiales para remoción de escombros y construcción.','C','24/September/2017 ','',''),(149,17,7,1,'Calle de la luz #43','Calle de la luz #43, Chapultepec, Cuernavaca Morelos.','','','De 8 AM a 9 PM. Medicamentos, material de primeros auxilios, artículos de higiene personal y herramientas de construcción. #sismoMorelos','C','24/September/2017 ','',''),(150,17,24,2,'Emiliano Zapata #7','Emiliano Zapata #7 Ticumán Centro Tlaltizapan, Morelos REDIM Morelos','','','De 8 AM a 9 PM. Medicamentos, material de primeros auxilios, artículos de higiene personal y herramientas de construcción. #sismoMorelos','C','24/September/2017 ','',''),(151,17,7,2,'Fundación Comunitaria Morelense','Av. San diego No. 501, Col. Vista Hermosa','','','Post de Facebook José Manuel Tablas -Diputado Local por el Distrito XVI.','C','24/September/2017 ','',''),(152,17,6,2,'Iglesia - Calle Fco. G. Bocanegra','Calle Sufragio Ejecutivo Col. Emiliano Zapata','','','Post de Facebook José Manuel Tablas -Diputado Local por el Distrito XVI.','C','24/September/2017 ','',''),(153,17,6,2,'Iglesia - Calle Baluarte','Calle Baluarte Esquina Centinela Col. Hidalgo','','','Post de Facebook José Manuel Tablas -Diputado Local por el Distrito XVI.','C','24/September/2017 ','',''),(154,17,6,2,'Iglesia - Calle Baluarte','Calle Fco. Gonzalez Bocanegra Esquina Con Rayon Col. Miguel Hidalgo','','','Post de Facebook José Manuel Tablas -Diputado Local por el Distrito XVI.','C','24/September/2017 ','',''),(155,17,6,2,'Iglesia - Calle Ignacio Lopez',' Calle Ignacio Lopez Rayon No. 180','','','	Post de Facebook José Manuel Tablas -Diputado Local por el Distrito XVI.','C','24/September/2017 ','',''),(156,17,12,2,'Jardin de niños Fermina de Rivera ','Calle 10 de Abril esquina Francisco I. Madero Col Emiliano Zapata','','','Post de Facebook José Manuel Tablas -Diputado Local por el Distrito XVI.','C','24/September/2017 ','',''),(157,17,12,2,'Unidad deportiva Perseverancia','','','','Post de Facebook José Manuel Tablas -Diputado Local por el Distrito XVI.','C','24/September/2017 ','',''),(158,17,12,2,'Auditorio -DIF Municipal','Enrique Zayas 411 Col Centrom','','','Post de Facebook José Manuel Tablas -Diputado Local por el Distrito XVI.','C','24/September/2017 ','',''),(159,17,12,2,'Escuela Miguel Hidalgo','','','','Post de Facebook José Manuel Tablas -Diputado Local por el Distrito XVI.','C','24/September/2017 ','',''),(160,17,12,2,'Hotel Montecarlo','Carretera Federal Alpuyeca Jolutla Km 135 Los Pilares','','','Post de Facebook José Manuel Tablas -Diputado Local por el Distrito XVI.','C','24/September/2017 ','',''),(161,17,12,2,'Unidad Deportiva Niños Heroes','Av. Instituto Tecnologico Col. Centro','','','Post de Facebook José Manuel Tablas -Diputado Local por el Distrito XVI.','C','24/September/2017 ','',''),(162,17,29,2,'Unidad Deportiva Atlihuavan','','','','Post de Facebook José Manuel Tablas -Diputado Local por el Distrito XVI.','C','24/September/2017 ','',''),(163,17,26,2,'Plaza Central Civica','','','','Post de Facebook José Manuel Tablas -Diputado Local por el Distrito XVI.','C','24/September/2017 ','',''),(164,17,15,2,'Casa de Usos Multiples','Miacatlan','','','Post de Facebook José Manuel Tablas -Diputado Local por el Distrito XVI.','C','24/September/2017 ','',''),(165,17,15,2,'Cancha Techumbre Coatetelco','Antiguo Centro de Salud. ','','','Post de Facebook José Manuel Tablas -Diputado Local por el Distrito XVI.','C','24/September/2017 ','',''),(166,17,11,2,'Upemor','','','','Publicación de Facebook José Manuel Tablas -Diputado Local por el Distrito XVI.','C','24/September/2017 ','',''),(167,17,11,2,'Colegio William Shakespeare Vista Hermosa','','','','Publicación de Facebook José Manuel Tablas -Diputado Local por el Distrito XVI.','C','24/September/2017 ','',''),(168,17,11,2,'Escuela Miguel Hidalgo ','Col. Miguel Hidalgo','','','Publicación de Facebook José Manuel Tablas -Diputado Local por el Distrito XVI.','C','24/September/2017 ','',''),(169,17,11,2,'Comedor Comunitario Costado de la Ayudantia','Col. Morelos','','','Publicación de Facebook José Manuel Tablas -Diputado Local por el Distrito XVI.','C','24/September/2017 ','',''),(170,17,11,2,'Casa de Cultura de CIVAC','','Publicación de Facebook José Manuel Tablas -Diputado Local por el Distrito XVI.','','','C','24/September/2017 ','',''),(171,17,16,2,'Centro Ocuituco','','','','Fuente: Publicación de Facebook José Manuel Tablas -Diputado Local por el Distrito XVI.','C','24/September/2017 ','',''),(172,17,9,2,'Auditorio Municipal Huitzilac','Auditorio Municipal Huitzilac','','','Fuente: Publicación de Facebook José Manuel Tablas -Diputado Local por el Distrito XVI.','C','24/September/2017 ','',''),(173,17,9,2,'Auditorio Municipal Tres Marias','','','','Fuente: Publicación de Facebook José Manuel Tablas -Diputado Local por el Distrito XVI.','C','24/September/2017 ','',''),(174,17,21,2,'Auditorio Municipal ','','','','Esta al lado de la Presidencia (Fuente: Publicación de Facebook José Manuel Tablas -Diputado Local por el Distrito XVI.).\n','C','24/September/2017 ','',''),(175,17,30,2,'Unidad Deportiva Fidel Diaz','Calle No Reelección, Col. Aquíles Serdan','','','Fuente: Publicación de Facebook José Manuel Tablas -Diputado Local por el Distrito XVI.','C','24/September/2017 ','18.9200088','-99.1902351'),(176,17,30,2,'Casa Ejidal Col. Centro Yecapixtla','Calle Zapata Esquina Adolgo Lopez Mateos Col. Centro','','','Fuente: Publicación de Facebook José Manuel Tablas -Diputado Local por el Distrito XVI.','C','24/September/2017 ','',''),(177,17,30,2,'Cancha San Marcos','Barrio  de San Marcos','','','Fuente: Publicación de Facebook José Manuel Tablas -Diputado Local por el Distrito XVI.','C','24/September/2017 ','',''),(178,17,31,2,'Ayudantla de Tetelpa','','','','Fuente: Publicación de Facebook José Manuel Tablas -Diputado Local por el Distrito XVI.','C','24/September/2017 ','',''),(179,17,31,2,'Jardin de Niños Narciso Mendoza','','','','Fuente: Publicación de Facebook José Manuel Tablas -Diputado Local por el Distrito XVI.','C','24/September/2017 ','18.653283','-99.1933225'),(180,17,31,2,'Estadio Agustín Coruco Díaz','Calle Escuadron 201, Centro, 62740','','','Fuente: Publicación de Facebook José Manuel Tablas -Diputado Local por el Distrito XVI.','C','24/September/2017 ','18.655145','-99.1921449'),(181,14,39,1,'Casa Territorio','Av. Francisco Javier Gamboa #113, Col. Lafayette','','','Apoyo Morelos/Puebla/Oaxaca. Artículos de Curación, Higiene, Medicamento, Limpieza, Herramientas... De 8:30 am. a 11:59 pm.\n (Fuente: https://www.facebook.com/casaterritorio/)','C','24/September/2017 ','20.672914','-103.377098'),(182,21,114,1,'Calle 3 Oriente','Calle 3 Oriente a un costado de la Catedral','','','Publicación Facebook con logo del DIF','C','24/September/2017 ','',''),(183,19,39,1,'Natio 4 ','Eugenio Garza Sada 3551, Local A-6 Col. Contry C.P. 64860','','','Artíclos necesarios: Comida enlatada, cobijas, pañales, desechables, leche en polvo, papel higienico, croquetas.\nArtículos urgentes: Materials de construcción y Materiales de curación.\nhttps://www.facebook.com/pg/Regia-Ayuda-1448147205293123','C','24/September/2017 ','',''),(184,19,39,1,'Starbucks Sucursal Plaza Sienna','Av. Fundadores #995 Col. Valle Oriente Planta baja','','','Artíclos necesarios: Comida enlatada, cobijas, pañales, desechables, leche en polvo, papel higienico, croquetas.\nArtículos urgentes: Materials de construcción y Materiales de curación.\nhttps://www.facebook.com/pg/Regia-Ayuda-1448147205293123','C','24/September/2017 ','',''),(185,19,26,1,'El Lugar de Max Restaurante','Plutarco Elias Calles #226, Col. Azteca.','','','Artíclos necesarios: Comida enlatada, cobijas, pañales, desechables, leche en polvo, papel higienico, croquetas.\nArtículos urgentes: Materials de construcción y Materiales de curación.\nhttps://www.facebook.com/pg/Regia-Ayuda-1448147205293123','C','24/September/2017 ','',''),(186,19,39,1,'Rollins','Av. Revolución 2703 Col. Ladrillera L. SA-02 (ubicado en Nuevo Sur).','','','Artíclos necesarios: Comida enlatada, cobijas, pañales, desechables, leche en polvo, papel higienico, croquetas.\nArtículos urgentes: Materials de construcción y Materiales de curación.\nhttps://www.facebook.com/pg/Regia-Ayuda-1448147205293123','C','24/September/2017 ','',''),(187,19,39,4,'Psicree - Centro de Acopio y Contención psicológica en línea','Amplia Vista #208 Sur. Col. Linda Vista','(01) 81 8334 8421 | 23334 0421','','¿Qué puedes donar?\nArtículos Urgentes \n* Palas\n* Linternas\n*Cuerdas \n*Encendedores \n* Pilas / Baterias\n* Rotomartillos\n* Brocas\n* Mazos \n* Tijeras de Lámina\n* Grifas\n* Pinzas de Presión\n* Cascos\n* Soplete\n* Extintor de CO2\n* Plumones\n* Guantes de protección\n* Flexometros\n* Gatos hidráulicos de Botella de 6 y 8 toneladas\n* Discos para cierra circular 4\"30d\n* Discos para esmeril 7\"\n* Esmeriles de 3/4 o de mano\n* Cinceles\n* Escobas\n* Cuerdas\n* Encendedores\n* Desarmadores planos\n* Lámparas de Emergencia\n* Pilas AA\n* Tanques de Acetileno o soldadera\n* Tanques de Oxígeno (para cortadora de plasma)\n* Lentes de Seguridad\n* Extensiones eléctricas de 10m.\nMateriales de curación \n* Jeringas\n* Cubre bocas\n* Agua Oxigenada\n* Vendas\n* Guantes quirúrgicos\n* Cepillos quirúrgicos\n* Tela adhesiva\n* Micropor\n* Solución Hartmann\n* Agua fisiológica\nArtículos Necesarios: \n* Comida enlatada\n*Agua embotellada \n* Cobijas\n* Pañales\n* Leche en polvo\n* Desechables\n* Papel y material higiénico\n* Croquetas\nGracias por su apoyo\nCon amor y profundo respeto,\nPsicree','C','24/September/2017 ','',''),(188,19,39,1,'Regia Ayuda','Cabo Peña 4056 esq. Las Americas, Col. Rincon de la Primavera','','','Para los que han estado preguntando, seguiremos recibiendo por tiempo indefinido sus donativos y apoyo para el Edo. de Morelos. \n(Fuente: https://www.facebook.com/Regia-Ayuda-1448147205293123/)','C','24/September/2017 ','',''),(189,8,19,1,'Delegación Estatal','Paseo de Arareco No. 15101, Sol. Paseos de Chihuahua.','','','Fuente: https://www.cruzrojamexicana.org.mx/otros-centros-de-acopio?estado=GN','C','24/September/2017 ','',''),(190,8,19,1,'Delegación Local','Av. Teófilo Burunda y calle Guadalupe s/n Col. Zarco','','','https://www.cruzrojamexicana.org.mx/otros-centros-de-acopio?estado=GN','C','24/September/2017 ','',''),(191,19,39,1,'Delegación Estatal','Av. Alfonoso Reyes #2503 Norte, Col. Del Prado, C.P. 64410','','','https://www.cruzrojamexicana.org.mx/otros-centros-de-acopio?estado=GN','C','24/September/2017 ','',''),(192,19,39,1,'Delegación San Pedro','Corregidora #521 Nte. Centro de San Pedro Garza Garcia','','','https://www.cruzrojamexicana.org.mx/otros-centros-de-acopio?estado=GN','C','24/September/2017 ','',''),(193,19,26,1,'Delegación Guadalupe','Av. Eloy Cabazos #521 Nte. Col. Las Villas Guadalupe N.L.','','','https://www.cruzrojamexicana.org.mx/otros-centros-de-acopio?estado=GN','C','24/September/2017 ','',''),(194,19,21,1,'Delegación Escobedo','Av. Benito Juarez s/n Col. Las Encinas ','','','https://www.cruzrojamexicana.org.mx/otros-centros-de-acopio?estado=GN','C','24/September/2017 ','',''),(195,19,6,1,'Delegación Apodaca','Santa Lucia #502, Col. Centro de Apodaca','','','https://www.cruzrojamexicana.org.mx/otros-centros-de-acopio?estado=GN','C','24/September/2017 ','',''),(196,19,6,1,'Delgación Metroplex','Calle N19 Cruz y Av. Metroplex Col. Metroplex','','','https://www.cruzrojamexicana.org.mx/otros-centros-de-acopio?estado=GN','C','24/September/2017 ','',''),(197,21,114,1,'Av. 20 Oriente','Av. 20 Oriente #1002, Col. San Francisco ','','','https://www.cruzrojamexicana.org.mx/otros-centros-de-acopio?estado=GN','C','24/September/2017 ','',''),(198,6,2,1,'Cruz Roja Delegación Colima','Aldama esq. Álvaron Obregón, Col. Centro C.P. 28000','','','https://www.cruzrojamexicana.org.mx/otros-centros-de-acopio?estado=GN','C','24/September/2017 ','19.244687','103.7232296'),(199,6,2,1,'Cruz Roja Mexicana Delegación Armería','Av. Nezahualcoyotl #237 Col. Las Primaveras','','','https://www.cruzrojamexicana.org.mx/otros-centros-de-acopio?estado=GN','C','24/September/2017 ','18.9339053','-103.9762684'),(200,6,2,1,'Cruz Roja - Tecoman','Emiliano Zapata 142, , , COL, México, Centro, 28130 Tecomán, Col.','','','https://www.cruzrojamexicana.org.mx/otros-centros-de-acopio?estado=GN','C','24/September/2017 ','18.9191264','-103.873368'),(201,23,5,1,'Av. Yachilan','Av.  Yaxchilan 2, SM 21, 77500 Cancún','','','https://www.cruzrojamexicana.org.mx/otros-centros-de-acopio?estado=GN','C','24/September/2017 ','21.1552993','-86.8298484'),(202,22,14,1,'Cruz Roja ','Av. Balaustradas esq. Circuito Estadio s/n, Col. Centro Sur. Santiago de Querétaro, Qro.','','','https://www.cruzrojamexicana.org.mx/otros-centros-de-acopio?estado=GN','C','24/September/2017 ','20.5780085','-100.363891'),(203,25,6,1,'Blvd. Ciudades Hermanas #797 Ote.','Blvd. Ciudades Hermanas #7979 Ote. esq. Albert Einstein, Co. Antonio Rosales ','','','','C','24/September/2017 ','',''),(204,26,30,1,'Blvd. Luis Encinas ','Blvd. Luis Encinas y 14 de Abril Col. San Benito','','','https://www.cruzrojamexicana.org.mx/otros-centros-de-acopio?estado=GN','C','24/September/2017 ','',''),(205,27,4,1,'Av. Paseo Tabasco #613','Av. Paseo Tabasco #613, Co. Jesús García Villahermosa, Tab.','','','https://www.cruzrojamexicana.org.mx/otros-centros-de-acopio?estado=GN','C','24/September/2017 ','17.9982273','-92.9425944'),(206,12,1,1,'Andrea Doria #1','Andrea Dorian #1 Esq. con Costera Miguel Alemán, Col. Fracc. Costa Azul','','','https://www.cruzrojamexicana.org.mx/otros-centros-de-acopio?estado=GN','C','24/September/2017 ','16.8477392','-99.8499945'),(207,14,39,1,'Cruz Roja Mexicana IAP, Delegación Estatal Jalisco','Calle San Felipe 7, Guadalajara Centro, Zona Centro, 44100 Guadalajara, Jal.','','','https://www.cruzrojamexicana.org.mx/otros-centros-de-acopio?estado=GN','C','24/September/2017 ','20.6795692','-103.3422595'),(208,30,102,1,'Delegación Martinez de la Torre','Calle Pípila No 10 Col Centro','','','https://www.cruzrojamexicana.org.mx/otros-centros-de-acopio?estado=GN','C','24/September/2017 ','',''),(209,30,131,1,'Delegación Poza Rica','Blvd. Lázaro Cárdenas No. 106 Col. Parma Sola','','','https://www.cruzrojamexicana.org.mx/otros-centros-de-acopio?estado=GN','C','24/September/2017 ','',''),(210,30,189,1,'Delegación Tuxpan','Libramiento Adolgo Lopez Mateos esq. Zósimo Perez Col. Miguel Alemán','','','https://www.cruzrojamexicana.org.mx/otros-centros-de-acopio?estado=GN','C','24/September/2017 ','',''),(211,30,87,1,'Delegación Xalapa','Francisco Javier Clavijero No.13','','','https://www.cruzrojamexicana.org.mx/otros-centros-de-acopio?estado=GN','C','24/September/2017 ','',''),(212,30,193,1,'Salvador Dia Mirón','Salvador Dia Mirón No Col. Centro','','','https://www.cruzrojamexicana.org.mx/otros-centros-de-acopio?estado=GN','C','24/September/2017 ','',''),(213,30,141,1,'Delegación San Andrés Tuxtla','Fco. Gonzales Bocanegra 242 ','','','https://www.cruzrojamexicana.org.mx/otros-centros-de-acopio?estado=GN','C','24/September/2017 ','',''),(214,30,44,1,'Delegación Córdoba','Juan Enrique Durant No. 710 Col. Centro ','','','https://www.cruzrojamexicana.org.mx/otros-centros-de-acopio?estado=GN','C','24/September/2017 ','',''),(215,30,118,1,'Delegación Orizaba','Colón Oriente 253 Colonia Centro','','','https://www.cruzrojamexicana.org.mx/otros-centros-de-acopio?estado=GN','C','24/September/2017 ','',''),(216,30,39,1,'Delegación Coatzacualcos','Av. Constitución 401 Col Benito Juáres','','','https://www.cruzrojamexicana.org.mx/otros-centros-de-acopio?estado=GN','C','24/September/2017 ','',''),(217,17,7,2,'Fideicomiso del Lago de Tequesquitengo. ','Rufino Tamayo #46, Col. Acapatzingo, Cuernavaca Morelos.','','','Fuente: https://www.occ.com.mx/ayuda-sismo','C','24/September/2017 ','18.9103439','-99.2255959'),(218,9,3,2,'Centro Deportivo Benito Juárez','Calle municipio libre y calle Uxmal 807-B, Sta. Cruz Atoyac, 03310','','','https://www.cruzrojamexicana.org.mx/otros-centros-de-acopio?estado=GN','C','24/September/2017 ','19.3909231','-99.199585'),(219,9,15,2,'Club Junio','Sindicalismo 3, Col. Hipódromo Condesa, 06170 ','','','https://www.cruzrojamexicana.org.mx/otros-centros-de-acopio?estado=GN','C','24/September/2017 ','19.4053607','-99.1744508'),(220,9,15,2,'Parque España, Condesa','Av. Sonora s/n, Cuauhtémoc, Condesa, 06140 ','','','https://www.cruzrojamexicana.org.mx/otros-centros-de-acopio?estado=GN','C','24/September/2017 ','19.4153363','-99.1733391'),(221,9,16,1,'Bosque de Chapultepec','Puerta de los Leones. 1a. sección del Bosque de Chapultepec. SEDEMA','','','https://www.cruzrojamexicana.org.mx/otros-centros-de-acopio?estado=GN','C','24/September/2017 ','',''),(222,9,16,1,'Av Ejército Nacional & Av. F. C.','Puerta de los Leones. 1a. sección del Bosque de Chapultepec. SEDEMA','','','https://www.cruzrojamexicana.org.mx/otros-centros-de-acopio?estado=GN','C','24/September/2017 ','',''),(223,9,3,1,'Héroes del 47','Héroes del 47 número 113, san Mateo Churubuso, Del. Coyoacán. LOCATEL','','','https://www.cruzrojamexicana.org.mx/otros-centros-de-acopio?estado=GN','C','24/September/2017 ','',''),(224,9,14,4,'INAPAM Clínica ','Av Universidad 150 Col Narvarte C.P 03020','55388510','Lic Cristina Ramirez Santos','Se brinda apoyo psicologico y médico a las personas adultas mayores ','C','24/September/2017 ','19.397541','-99.1473006'),(225,9,15,5,'Laboratorio Médico del Chopo-Sucursal Santa María','Calle Dr. Enrique González Martínez 109, Sta María la Ribera, 06400 Cuauhtémoc, CDMX','','','En estos tiempos difíciles,\nla solidaridad debe unirnos.\n\nLaboratorio Médico del Chopo apoya a la ciudadanía afectada con\n estudios de laboratorio y rayos X \nsin costo.','C','25/September/2017 ','19.446194','-99.1577337'),(226,9,15,5,'Laboratorio Médico del Chopo- Sucursal insurgentes Monterrey','Monterrey 104, Roma Norte, Roma Nte., 06760 Cuautemoc, CDMX','','','En estos tiempos difíciles,\nla solidaridad debe unirnos.\n\nLaboratorio Médico del Chopo apoya a la ciudadanía afectada con\n estudios de laboratorio y rayos X \nsin costo.','C','25/September/2017 ','19.417843','-99.1662337'),(227,9,15,5,'Laboratorio Médico del Chopo- Sucursal Sonora','Sonora 96, Roma Norte, Cuauhtémoc, Cuauhtemoc, San Pedro Iztacalco, 06700 Cuauhtémoc, CDMX','','','En estos tiempos difíciles,\nla solidaridad debe unirnos.\n\nLaboratorio Médico del Chopo apoya a la ciudadanía afectada con\n estudios de laboratorio y rayos X \nsin costo.','C','25/September/2017 ','19.3951263','-99.1297385'),(228,9,15,5,'Laboratorio Médico el Chopo - Sucursal Doctores','Calle Dr Liceaga, Doctores, 06720 Ciudad de México, CDMX','','','En estos tiempos difíciles,\nla solidaridad debe unirnos.\n\nLaboratorio Médico del Chopo apoya a la ciudadanía afectada con\n estudios de laboratorio y rayos X \nsin costo.','C','25/September/2017 ','19.4249583','-99.1602454'),(229,9,15,5,'Laboratorio Médico del Chopo- Sucursal Eje Central','Av. Dr. Río de la Loza 33 esquina Av. Eje Central, Doctores, 06720','','','En estos tiempos difíciles,\nla solidaridad debe unirnos.\n\nLaboratorio Médico del Chopo apoya a la ciudadanía afectada con\n estudios de laboratorio y rayos X \nsin costo.','C','25/September/2017 ','19.4249659','-99.1449245'),(230,9,14,5,'Laboratorio Médico del Chopo- CADEM San Borja','Trinidad 206, Insurgentes San Borja, Benito Juárez, Benito Juárez, Insurgentes San Borja, 03100 ','','','En estos tiempos difíciles,\nla solidaridad debe unirnos.\n\nLaboratorio Médico del Chopo apoya a la ciudadanía afectada con\n estudios de laboratorio y rayos X \nsin costo.','C','25/September/2017 ','19.38637','-99.1745287'),(231,9,14,5,'Laboratorio Médico del Chopo - Sucursal Del Valle','Calle Gabriel Mancera 164, Del Valle, Col del Valle Nte, 03100','','','En estos tiempos difíciles,\nla solidaridad debe unirnos.\n\nLaboratorio Médico del Chopo apoya a la ciudadanía afectada con\n estudios de laboratorio y rayos X \nsin costo.','C','25/September/2017 ','19.39653','-99.1637057'),(232,9,14,5,'Laboratorio Médico del Chopo- Sucursal Eugenia 3.8·8 revi','Xochicalco 459, Vertiz Narvarte, Benito Juárez, Benito Juárez, Vértiz Narvarte, 03600 ','','','En estos tiempos difíciles,\nla solidaridad debe unirnos.\n\nLaboratorio Médico del Chopo apoya a la ciudadanía afectada con\n estudios de laboratorio y rayos X \nsin costo.','C','25/September/2017 ','19.384647','-99.1572865'),(233,9,14,5,'Laboratorio Médico del Chopo- Sucursal Tacubay','Av. Revolución 518, San Pedro de los Pinos, 03800','','','En estos tiempos difíciles,\nla solidaridad debe unirnos.\n\nLaboratorio Médico del Chopo apoya a la ciudadanía afectada con\n estudios de laboratorio y rayos X \nsin costo.','C','25/September/2017 ','19.3903765','-99.1880274'),(234,9,14,5,'Laboratorio Médico del Chopo-Sucursal Tlalpan','Calz. de Tlalpan 1060, Nativitas, 03500 Ciudad de México, CDMX','','','En estos tiempos difíciles,\nla solidaridad debe unirnos.\n\nLaboratorio Médico del Chopo apoya a la ciudadanía afectada con\n estudios de laboratorio y rayos X \nsin costo.','C','25/September/2017 ','19.3795166','-99.1421026'),(235,9,7,5,'Laboratorio Médico del Chopo-Sucursal La Viga','Calz. de la Viga 1425, El Retoño, 09440 Iztapalapa, CDMX','','','En estos tiempos difíciles,\nla solidaridad debe unirnos.\n\nLaboratorio Médico del Chopo apoya a la ciudadanía afectada con\n estudios de laboratorio y rayos X \nsin costo.','C','25/September/2017 ','19.3718987','-99.1248134'),(236,9,7,5,'Laboratorio Médico del Chopo- Sucursal Constitución','Ermita Iztapalapa 2955, San Miguel, 09360 Iztapalapa, CDMX','','','En estos tiempos difíciles,\nla solidaridad debe unirnos.\n\nLaboratorio Médico del Chopo apoya a la ciudadanía afectada con\n estudios de laboratorio y rayos X \nsin costo.','C','25/September/2017 ','19.3526846','-99.0806194'),(237,15,25,5,'Laboratorio Médico Del Chopo - Sucursal Chalco','Calle Hidalgo 49, Barrio San Antonio, 56600 Chalco de Díaz Covarrubias, Méx.','','','En estos tiempos difíciles,\nla solidaridad debe unirnos.\n\nLaboratorio Médico del Chopo apoya a la ciudadanía afectada con\n estudios de laboratorio y rayos X \nsin costo.','C','25/September/2017 ','',''),(238,9,7,5,'Laboratorio Médico del Chopo - Sucursal Tláhuac','Avenida Tláhuac 4746, Granjas Estrella, 09880 Iztapalapa, CDMX','','','En estos tiempos difíciles,\nla solidaridad debe unirnos.\n\nLaboratorio Médico del Chopo apoya a la ciudadanía afectada con\n estudios de laboratorio y rayos X \nsin costo.','C','25/September/2017 ','19.320748','-99.0863027'),(239,9,17,5,'Laboratorio Médico del Chopo- CADEM Balbuena','Fray Servando Teresa de Mier 990, Jardín Balbuena, 15900 ','','','En estos tiempos difíciles,\nla solidaridad debe unirnos.\n\nLaboratorio Médico del Chopo apoya a la ciudadanía afectada con\n estudios de laboratorio y rayos X \nsin costo.','C','25/September/2017 ','19.41743','-99.1033387'),(240,21,119,5,'Laboratorio Médico del Chopo- CADEM Plaza Anáhuac','Orion Norte 501, De la Reserva Territorial Atlixcayotl, Tlaxcalancingo, 72810 Cholula, Pue.','','','En estos tiempos difíciles,\nla solidaridad debe unirnos.\n\nLaboratorio Médico del Chopo apoya a la ciudadanía afectada con\n estudios de laboratorio y rayos X \nsin costo.','C','25/September/2017 ','19.0189631','-98.2643383'),(241,21,114,5,'Laboratorio Médico del Chopo- Sucursal Av. Juárez','Av. Juarez 2930, La Paz, 72160 Puebla, Pue.','','','En estos tiempos difíciles,\nla solidaridad debe unirnos.\n\nLaboratorio Médico del Chopo apoya a la ciudadanía afectada con\n estudios de laboratorio y rayos X \nsin costo.','C','25/September/2017 ','19.0542866','-98.2231706'),(242,21,114,5,'Laboratorio Médico del Chopo-Sucursal San Manuel','Av San Manuel 1603, 22 de Septiembre, 72170 ','19.0181807','','En estos tiempos difíciles,\nla solidaridad debe unirnos.\n\nLaboratorio Médico del Chopo apoya a la ciudadanía afectada con\n estudios de laboratorio y rayos X \nsin costo.','C','25/September/2017 ','19.0181807','-98.1988432'),(243,21,114,5,'Laboratorio Médico del Chopo- CADEM Plaza Anáhuac','Orion Norte 501, De la Reserva Territorial Atlixcayotl, Tlaxcalancingo, 72810','','','En estos tiempos difíciles,\nla solidaridad debe unirnos.\n\nLaboratorio Médico del Chopo apoya a la ciudadanía afectada con\n estudios de laboratorio y rayos X \nsin costo.','C','25/September/2017 ','19.0189631','-98.2643383'),(244,17,7,5,'Laboratorio Médico del Chopo Sucursal Zapata','Av. Emiliano Zapata 913, Buena Vista, 62130 México, Mor','','','En estos tiempos difíciles,\nla solidaridad debe unirnos.\n\nLaboratorio Médico del Chopo apoya a la ciudadanía afectada con\n estudios de laboratorio y rayos X \nsin costo.','C','25/September/2017 ','18.9598568','-99.2461861'),(245,17,7,5,'Laboratorio Médico del Chopo-Sucursal Plan de Ayala','Plan de Ayala 601, Lomas del Mirador, 62350 ','','','En estos tiempos difíciles,\nla solidaridad debe unirnos.\n\nLaboratorio Médico del Chopo apoya a la ciudadanía afectada con\n estudios de laboratorio y rayos X \nsin costo.','C','25/September/2017 ','18.9242732','-99.2144612'),(246,17,7,5,'Laboratorio Médico del Chopo- Sucursal Glorieta de las Palmas','Av Insurgentes 1088, Cuautlixco, 62749 Cuautla, Mor.','','','Además centro de Acopio.\nEn estos tiempos difíciles,\nla solidaridad debe unirnos.\n\nLaboratorio Médico del Chopo apoya a la ciudadanía afectada con\n estudios de laboratorio y rayos X \nsin costo.','C','25/September/2017 ','18.8400434','-98.941602'),(247,17,7,5,'Laboratorio Médico del Chopo- Sucursal Poder Legislativo','Avenida Poder Legislativo s/n, Prados de Cuernavaca, El Empleado, 62250 Cuernavaca, Mor.','','','En estos tiempos difíciles,\nla solidaridad debe unirnos.\n\nLaboratorio Médico del Chopo apoya a la ciudadanía afectada con\n estudios de laboratorio y rayos X \nsin costo.','C','25/September/2017 ','18.9490381','-99.2348552'),(248,15,106,5,'Laboratorio Médico del Chopo- CADEM Galerias','Av Leona Vicario 703, Real de Arcos, 52140 ','','','En estos tiempos difíciles,\nla solidaridad debe unirnos.\n\nLaboratorio Médico del Chopo apoya a la ciudadanía afectada con\n estudios de laboratorio y rayos X \nsin costo.','C','25/September/2017 ','',''),(249,9,18,7,'Penal, amparo, derechos humanos','jlhernandezmacias@gmail.com','(044) 5518176117','Juan Luis Hernández Macías','Tipo de asesoría: Local. Fuente: http://rescatecdmx.org/','A','28/Septiembre/2017','',' '),(250,9,18,7,'Penal, derechos humanos y género','irlandaavalos@gmail.com','2147483647','Irlanda Denisse Avalos Nuñez','Tipo de asesoría: Local. Fuente: http://rescatecdmx.org/','A','28/Septiembre/2017','',' '),(251,9,18,7,'Penal, Civil, Familiar, Constitucional, DDHH.','adriana.ortegaortiz@gmail.com','(044)5554149212','Adriana Ortega Ortiz','Tipo de asesoría: Local. Fuente: http://rescatecdmx.org/','A','28/Septiembre/2017','',' '),(252,9,18,7,'Civil','alonsocasoj@gmail.com','2147483647','Alonso Caso Jacobs','Tipo de asesoría: Local. Fuente: http://rescatecdmx.org/','A','28/Septiembre/2017','',' '),(253,9,18,7,'Civil, familiar, fiscal','lleos@natera.com.mx','2147483647','Luis Roberto Leos Yeverino','Tipo de asesoría: Local, A distancia. Fuente: http://rescatecdmx.org/','A','28/Septiembre/2017','',' '),(254,9,18,7,'Civil, familiar, amparo.','Dianabernal8@gmail.com','2147483647','Diana Bernal Villalobos','Tipo de asesoría: Local. Fuente: http://rescatecdmx.org/','A','28/Septiembre/2017','',' '),(255,9,18,7,'Civil, familiar, mercantil','jmiguel.riveras@gmail.com','null','JOSE RIVERA','Tipo de asesoría: Local. Fuente: http://rescatecdmx.org/','A','28/Septiembre/2017','',' '),(256,9,18,7,'Seguros- Ajuste (Carastrofico), Responsabilidad Civil','Garnica.lyndsay@yahoo.com','2147483647','Lyndsay Garnica','Tipo de asesoría: Local. Fuente: http://rescatecdmx.org/','A','28/Septiembre/2017','',' '),(257,9,18,7,'Familiar y penal','alcasor@msn.com','044(55)55 3988-9254','ALBEN, el arte de apoyar AC','Tipo de asesoría: Local. Fuente: http://rescatecdmx.org/','A','28/Septiembre/2017','',' '),(258,9,18,7,'Desarrollo urbano, problemas con autoridades, demoliciones, etc','Asistente@ascenciolammoglia.com','null','Planeta más limpio, s.c.','Tipo de asesoría: Local. Fuente: http://rescatecdmx.org/','A','28/Septiembre/2017','',' '),(259,9,18,7,'Civil y Mercantil','alexisquiroz@yahoo.com.mx','2147483647','Alexis Quiroz García','Tipo de asesoría: Local. Fuente: http://rescatecdmx.org/','A','28/Septiembre/2017','',' '),(260,9,18,7,'Penal','licgracia@hotmail.com','2147483647','Ricardo Velazquez Gracia','Tipo de asesoría: Local, A distancia. Fuente: http://rescatecdmx.org/','A','28/Septiembre/2017','',' '),(261,9,18,7,'Civil, Familiar','jselecam@gmail.com','2147483647','Jose Felipe Ruiz Yañez','Tipo de asesoría: Local. Fuente: http://rescatecdmx.org/','A','28/Septiembre/2017','',' '),(262,9,18,7,'Civil y Administrativa','ssaenz@saher.mx','2147483647','Saher Abogados, S.C.','Tipo de asesoría: Local. Fuente: http://rescatecdmx.org/','A','28/Septiembre/2017','',' '),(263,9,18,7,'Civil, familiar y Amparo.','nicolas_lerma@live.com.mx','2147483647','Iván Nicolás Lerma Valadez','Tipo de asesoría: Local, A distancia. Fuente: http://rescatecdmx.org/','A','28/Septiembre/2017','',' '),(264,9,18,7,'Civil, familiar y notarial','humbertosolisg@hotmail.com','2147483647','Antonio Solis','Tipo de asesoría: Local, A distancia. Fuente: http://rescatecdmx.org/','A','28/Septiembre/2017','',' '),(265,9,18,7,'Electoral, constitucional y derechos humanos','montserrat.razo@gmail.com','(044) 5543640122','Montserrat Razo','Tipo de asesoría: Local. Fuente: http://rescatecdmx.org/','A','28/Septiembre/2017','',' '),(266,9,18,7,'Civil y Mercantil.','juler_102@hotmail.com','2147483647','Julio Osornio.','Tipo de asesoría: Local. Fuente: http://rescatecdmx.org/','A','28/Septiembre/2017','',' '),(267,9,18,7,'Civil, Ambiental, Construccion, Infraestructura, Uso de Suelo, Seguros y Fianzas','igarcia@consultant.com','(044)5544902145','Israel Garcia Caro','Tipo de asesoría: Local. Fuente: http://rescatecdmx.org/','A','28/Septiembre/2017','',' '),(268,9,18,7,'Materia laboral y civil','arreola.lydia@gmail.com','2147483647','Lydia Esther Arreola Martin','Tipo de asesoría: Local. Fuente: http://rescatecdmx.org/','A','28/Septiembre/2017','',' '),(269,9,18,7,'Civil, familiar, mercantil','jero_rico@hotmail.com','2147483647','Jerónimo Rico Iruretagoyena','Tipo de asesoría: Local. Fuente: http://rescatecdmx.org/','A','28/Septiembre/2017','',' '),(270,9,18,7,'Penal','denisseppg@hotmail.com','2147483647','Mariana mendez gutierrez','Tipo de asesoría: Local. Fuente: http://rescatecdmx.org/','A','28/Septiembre/2017','',' '),(271,9,18,7,'Notarial y corporativo (asesoría a negocios con daños, casas, etc, contratos de arrendamiento)','fatyjtj19@hotmail.com','2147483647','Fatima torres','Tipo de asesoría: Local. Fuente: http://rescatecdmx.org/','A','28/Septiembre/2017','',' '),(272,9,18,7,'Civil, familiar.','consultarteymas@gmail.com','(044)5527272892','Paula Enríquez','Tipo de asesoría: Local. Fuente: http://rescatecdmx.org/','A','28/Septiembre/2017','',' '),(273,9,18,7,'Civil y mercantil','gianmarcocoronado@gmail.com','2147483647','Gianmarco Coronado Graci','Tipo de asesoría: Local. Fuente: http://rescatecdmx.org/','A','28/Septiembre/2017','',' '),(274,9,18,7,'Civil, administrativo (si consideras que tu inmueble se construyó indebidamente).','rodrigueziruegas@gmail.com','(044)5544909657 WhatsApp','Leonardo Rodríguez Iruegas','Tipo de asesoría: Local. Fuente: http://rescatecdmx.org/','A','28/Septiembre/2017','',' '),(275,9,18,7,'Civil, Familiar y Seguros','danielacfg@kubliabogados.com','null','Daniela Cruz Figueroa García','Tipo de asesoría: Local, A distancia. Fuente: http://rescatecdmx.org/','A','28/Septiembre/2017','',' '),(276,9,18,7,'Derecho inmobiliario','chroga@gmail.com','null','CHRISTINE ROMAN','Tipo de asesoría: Local. Fuente: http://rescatecdmx.org/','A','28/Septiembre/2017','',' '),(277,9,18,7,'Derecho familiar, Amparo, Civil y Penal.','mega0720@hotmail.com','044 5573083717','Enrique González Barrera','Tipo de asesoría: Local. Fuente: http://rescatecdmx.org/','A','28/Septiembre/2017','',' '),(278,9,18,7,'Penal y civil','rerendon@gmail.com','2147483647','Renata Rendón Alcaraz','Tipo de asesoría: Local, A distancia. Fuente: http://rescatecdmx.org/','A','28/Septiembre/2017','',' '),(279,9,18,7,'Civil, Familiar, Seguros, Notarial','alhelisandoval@gmail.com','(044)5539607488','Lesly Sandoval','Tipo de asesoría: Local. Fuente: http://rescatecdmx.org/','A','28/Septiembre/2017','',' '),(280,9,18,7,'Familiar','monseflomtz@gmail.com','(044) 5521319664','Monserrat Lorena Flores Martínez','Tipo de asesoría: Local. Fuente: http://rescatecdmx.org/','A','28/Septiembre/2017','',' '),(281,9,18,7,'Familiar, civil','jmarnun94@hotmail.com','null','Jesica Márquez Nuncio','Tipo de asesoría: Local. Fuente: http://rescatecdmx.org/','A','28/Septiembre/2017','',' '),(282,9,18,7,'Penal, civil, familiar','johanaz31@gmail.com','null','Johana Acosta Zamudio','Tipo de asesoría: Local. Fuente: http://rescatecdmx.org/','A','28/Septiembre/2017','',' '),(283,9,18,7,'Civil (incluyendo hipotecario) y mercantil (incluyendo créditos y seguros).','ralvarado@romanabogados.com.mx','(044)5543939992','Rodrigo Alvarado Barragán','Tipo de asesoría: Local. Fuente: http://rescatecdmx.org/','A','28/Septiembre/2017','',' '),(284,9,18,7,'Organizaciones y personas. Derechos Humanos, Mercantil, Civil, Seguros, Familiar, Penal, etc','null','null','LAE y Mtro.Esp. Luis Gonzalez M.','Tipo de asesoría: Local, A distancia. Fuente: http://rescatecdmx.org/','A','28/Septiembre/2017','',' '),(285,9,18,7,'Familiar, sucesoeii civil,laboral','Licclausi1207@gmail.com','null','CLAUDIA VAZQUEZ HERRERA','Tipo de asesoría: Local. Fuente: http://rescatecdmx.org/','A','28/Septiembre/2017','',' '),(286,9,18,7,'Administrativa, Civil, Familiar','heimnav13@hotmail.com','(044) 5511568393','Manuel Heimdal González Nava','Tipo de asesoría: Local. Fuente: http://rescatecdmx.org/','A','28/Septiembre/2017','',' '),(287,9,18,7,'Administrativo, civil','jimenachibarrales@gmail.com','(044) 5561386479','Jimena Chi Barrales','Tipo de asesoría: Local. Fuente: http://rescatecdmx.org/','A','28/Septiembre/2017','',' '),(288,9,18,7,'Civil y familiar','rosalía.aristosc@gmail.com','2147483647','Rosalía Ortíz López','Tipo de asesoría: Local. Fuente: http://rescatecdmx.org/','A','28/Septiembre/2017','',' '),(289,9,18,7,'Civil, Familiar','luisflorestru@comunidad.unam.mx','2147483647','José Luis Flores Trujillo','Tipo de asesoría: Local. Fuente: http://rescatecdmx.org/','A','28/Septiembre/2017','',' '),(290,9,18,7,'Penal, Derechos Humanos, Laboral','iusbello@icloud.com','2147483647','Jorge Daniel Bello García','Tipo de asesoría: Local. Fuente: http://rescatecdmx.org/','A','28/Septiembre/2017','',' '),(291,9,18,7,'Familiar y civil','Getorres9@hotmail.com','2147483647','Gennifer Torres','Tipo de asesoría: Local. Fuente: http://rescatecdmx.org/','A','28/Septiembre/2017','',' '),(292,9,18,7,'Imss e issste pensiones por los riesgos sufridos,viudez,orfandad,asendencia etc','daliajaimes@gmail.com','2147483647','Dalia jaimes salazar','Tipo de asesoría: Local. Fuente: http://rescatecdmx.org/','A','28/Septiembre/2017','',' '),(293,9,18,7,'Familiar. Arrendamiento, sucesiones, declaración de ausentes, laboral','Unidosportusderechos@gmail.com','2147483647','Dulce Ivonne gpe Tepale Albertos','Tipo de asesoría: Local. Fuente: http://rescatecdmx.org/','A','28/Septiembre/2017','',' '),(294,9,18,7,'Civil, familiar, penal','carpediem_yy@outlook.com','2147483647','Etna Salazar','Tipo de asesoría: Local. Fuente: http://rescatecdmx.org/','A','28/Septiembre/2017','',' '),(295,9,18,7,'Civil,Mercantil,Seguros.','macias.soto.manuel@gmail.com','2147483647','Manuel Alejandro Macias Soto','Tipo de asesoría: Local. Fuente: http://rescatecdmx.org/','A','28/Septiembre/2017','',' '),(296,9,18,7,'Civil, Amparo.','arturolara36@yahoo.com','2147483647','Jonathan Arturo García Lara','Tipo de asesoría: Local, A distancia. Fuente: http://rescatecdmx.org/','A','28/Septiembre/2017','',' '),(297,9,18,7,'Civil, Familiar, Penal y Especialista en Contratos','cadicu10@gmail.com','2147483647','Carlos Alberto Palafox Sanchez','Tipo de asesoría: Local, A distancia. Fuente: http://rescatecdmx.org/','A','28/Septiembre/2017','',' '),(298,9,18,7,'Familiar, civil, penal, seguros, mercantil, notarial.','solorzanoelizabeth@gmail.com','(044) 5541117031','Elizabeth Solórzano Núñez','Tipo de asesoría: Local. Fuente: http://rescatecdmx.org/','A','28/Septiembre/2017','',' '),(299,9,18,7,'Civil, mercantil y familiar','luistrato25@gmail.com','044 5510517958','Luis Alejandro Becerril Maciel','Tipo de asesoría: Local. Fuente: http://rescatecdmx.org/','A','28/Septiembre/2017','',' '),(300,9,18,7,'Penal, Civil, Familiar','williamfp1205@gmail.com','2147483647','William Agustin Fernandez Preciado','Tipo de asesoría: Local, A distancia. Fuente: http://rescatecdmx.org/','A','28/Septiembre/2017','',' '),(301,9,18,7,'Penal','jurista_marco@hotmail.com','2147483647','Marco Rosas Martínez','Tipo de asesoría: Local. Fuente: http://rescatecdmx.org/','A','28/Septiembre/2017','',' '),(302,9,18,7,'Civil, familiar y penal','leonramirez.abogados@gmail.com','(044)5565765993','Jorge león Ramirez','Tipo de asesoría: Local. Fuente: http://rescatecdmx.org/','A','28/Septiembre/2017','',' '),(303,9,18,7,'Civil, Mercantil, Familiar, Administrativo','Consultoria Integral Empresarial','2147483647','César Armando Villegas Ramírez','Tipo de asesoría: Local. Fuente: http://rescatecdmx.org/','A','28/Septiembre/2017','',' '),(304,9,18,7,'Civil y familiar','Sofiachincoya@hotmail.com','null','Ana Sofía Chincoya Chaparro','Tipo de asesoría: Local. Fuente: http://rescatecdmx.org/','A','28/Septiembre/2017','',' '),(305,9,18,7,'Constitucional, laboral, civil.','hectormercado.mg@gmail.com','null','Héctor Mg','Tipo de asesoría: Local. Fuente: http://rescatecdmx.org/','A','28/Septiembre/2017','',' '),(306,9,18,7,'Familiar, notaríal, créditos, penal','dk.perez.10@gmail.com','2147483647','Diana Karen Perez Espinoza','Tipo de asesoría: Local. Fuente: http://rescatecdmx.org/','A','28/Septiembre/2017','',' '),(307,9,18,7,'Administrativa y cumplimiento de seguros','pablohr2000@hotmail.com','045 55 32102669','Lic Pablo Herrera','Tipo de asesoría: Local. Fuente: http://rescatecdmx.org/','A','28/Septiembre/2017','',' '),(308,9,18,7,'Amparo, civil, penal.','dariorendon89@gmail.com','null','Darío Rendón','Tipo de asesoría: Local. Fuente: http://rescatecdmx.org/','A','28/Septiembre/2017','',' '),(309,9,18,7,'Civil, Familiar, Administrativo y Amparo','oelliotta@gmail.com','2147483647','Adrian Galicia Ortiz','Tipo de asesoría: Local, A distancia. Fuente: http://rescatecdmx.org/','A','28/Septiembre/2017','',' '),(310,9,18,7,'Civil, seguros, fiscal, penal y amparo.','joaquinhernandztrejo@gmail.com','null','Joaquín Hernández Trejo','Tipo de asesoría: Local. Fuente: http://rescatecdmx.org/','A','28/Septiembre/2017','',' '),(311,9,18,7,'Civil, inmobiliario, segurod y familiar (sucesiones testamentarias e intestamentarias)','javifmad93@gmail.com','2147483647','EMLA Abogados, SC','Tipo de asesoría: Local. Fuente: http://rescatecdmx.org/','A','28/Septiembre/2017','',' '),(312,9,18,7,'Familiar, Civil, Mercantil, Penal, Corporativo y Notarial','abogado.lex.mx@gmail.com','2147483647','Gabriel Sáenz Arámburu','Tipo de asesoría: Local. Fuente: http://rescatecdmx.org/','A','28/Septiembre/2017','',' '),(313,9,18,7,'Familiar, Civil, Mercantil, Penal, Corporativo y Notarial','actosjuridicos@yahoo.com','2147483647','Jurídico Alpha Abogados SC','Tipo de asesoría: Local. Fuente: http://rescatecdmx.org/','A','28/Septiembre/2017','',' '),(314,9,18,7,'CIVIL, PENAL FISCAL Y FAMILIAR','valesanaya@hotmail.com','55 81 42 95 38 Y 55 2242 97 45','NESASNA&CO','Tipo de asesoría: Local. Fuente: http://rescatecdmx.org/','A','28/Septiembre/2017','',' '),(315,9,18,7,'Notarial','kai_rammstein26@hotmail.com','2147483647','Karen Acevedo','Tipo de asesoría: Local. Fuente: http://rescatecdmx.org/','A','28/Septiembre/2017','',' '),(316,9,18,7,'Familiar y Civil','kenia.arteaga@gmail.com','2147483647','Kenia Zaraith Arteaga Millán','Tipo de asesoría: Local. Fuente: http://rescatecdmx.org/','A','28/Septiembre/2017','',' '),(317,9,18,7,'Civil, familiar, notarial','Fvb.luis@gmail.com','(044) 5559396629','Luis Fernando vargas barrios','Tipo de asesoría: Local. Fuente: http://rescatecdmx.org/','A','28/Septiembre/2017','',' '),(318,9,18,7,'Civil Penal Familiar, seguros','maryestrellita1697@hotmail.com','2147483647','Maricarmen Sánchez Silva','Tipo de asesoría: Local. Fuente: http://rescatecdmx.org/','A','28/Septiembre/2017','',' '),(319,9,18,7,'Civil','diegovillafranco@outlook.com','2147483647','DIEGO NICOL VILLAFRANCO LOPEZ','Tipo de asesoría: Local. Fuente: http://rescatecdmx.org/','A','28/Septiembre/2017','',' '),(320,9,18,7,'Civil','aura_rnj@hotmail.com','null','Aura Morales','Tipo de asesoría: Local, A distancia. Fuente: http://rescatecdmx.org/','A','28/Septiembre/2017','',' '),(321,9,18,7,'Administrativo, fiscal','omar90um@gmail.com','null','Omar Valenzuela Bautista','Tipo de asesoría: Local, A distancia. Fuente: http://rescatecdmx.org/','A','28/Septiembre/2017','',' '),(322,9,18,7,'Civil y familiar','Carla_unam14@hotmail.com','2147483647','Carla Beatriz Lemus Cedillo','Tipo de asesoría: Local. Fuente: http://rescatecdmx.org/','A','28/Septiembre/2017','',' '),(323,9,18,7,'Civil, familiar, seguros, notarial, penal','jfruizlucas@hotmail.com','2147483647','Juan Francisco Ruiz Lucas','Tipo de asesoría: Local, A distancia. Fuente: http://rescatecdmx.org/','A','28/Septiembre/2017','',' '),(324,9,18,7,'Civil y seguros','marielruiz14@gmail.com','2147483647','María Elena Ruiz Martínez','Tipo de asesoría: Local. Fuente: http://rescatecdmx.org/','A','28/Septiembre/2017','',' '),(325,9,18,7,'Notarial, familiar','alexa_613@hotmail.com','null','Nabil Alexandra jiemenez pacheco','Tipo de asesoría: Local. Fuente: http://rescatecdmx.org/','A','28/Septiembre/2017','',' '),(326,9,18,7,'Derechos humanos, penal, civil.','juridico@derechoshumanos.org.mx','null','Sayuri Herrera Roman','Tipo de asesoría: Local. Fuente: http://rescatecdmx.org/','A','28/Septiembre/2017','',' '),(327,9,18,7,'Civil, mercantil, familiar y corporativo.','brenda_z_rodriguez@outlook.es','044 5528914088','Brenda Rodriguez Garcia','Tipo de asesoría: Local. Fuente: http://rescatecdmx.org/','A','28/Septiembre/2017','',' '),(328,9,18,7,'Civil, familiar, administrativo','fd_eh@hotmail.com','(044)5548967103','Eugenia Itzel Hernández Elizondo','Tipo de asesoría: Local. Fuente: http://rescatecdmx.org/','A','28/Septiembre/2017','',' '),(329,9,18,7,'Civil, Familiar, Laboral','licjuliogalingo2@gmail.com','(044)5532061340','Julio César Galindo','Tipo de asesoría: Local. Fuente: http://rescatecdmx.org/','A','28/Septiembre/2017','',' '),(330,9,18,7,'Seguros, Civil, Mercantil','david.reyna@rcasociados.com.mx','null','David Reyna','Tipo de asesoría: Local. Fuente: http://rescatecdmx.org/','A','28/Septiembre/2017','',' '),(331,9,18,7,'Civil, familiar, notarial','silvaandrea33@hotmail.com','(044) 5524475442','Andrea Silva Delgado','Tipo de asesoría: Local. Fuente: http://rescatecdmx.org/','A','28/Septiembre/2017','',' '),(332,9,18,7,'Civil, Familiar, Contratos Civiles, Propiedad intelectual, Marcas','luis.d.civil.unam@gmail.com','2147483647','Luis Ángel González Chávez','Tipo de asesoría: Local, A distancia. Fuente: http://rescatecdmx.org/','A','28/Septiembre/2017','',' '),(333,9,18,7,'Civil, familiar, seguros.','becariojurídico3@marhnos.com.mx','2147483647','Díaz Rodríguez Jazmin Guadalupe','Tipo de asesoría: Local, A distancia. Fuente: http://rescatecdmx.org/','A','28/Septiembre/2017','',' '),(334,9,18,7,'Civil, derechos humanos','c.lorenadm@gmail.com','2147483647','Claudia Lorena Díaz Martínez','Tipo de asesoría: Local. Fuente: http://rescatecdmx.org/','A','28/Septiembre/2017','',' '),(335,9,18,7,'Familiar, sucesiones.','perspectivajuridicaabogados@outlook.es','2147483647','Rafel Dominguez contreras','Tipo de asesoría: Local. Fuente: http://rescatecdmx.org/','A','28/Septiembre/2017','',' '),(336,9,18,7,'Corporativo, mercantil','cebargallo@gmail.com','(044)5551937834','Carlos Eduardo Bargallo Rocha','Tipo de asesoría: Local, A distancia. Fuente: http://rescatecdmx.org/','A','28/Septiembre/2017','',' '),(337,9,18,7,'Civil, Familiar y Derechos Humanos','perla.sanchezd@hotmail.com','2147483647','Perla Dalila Sánchez Dominguez','Tipo de asesoría: Local, A distancia. Fuente: http://rescatecdmx.org/','A','28/Septiembre/2017','',' '),(338,9,18,7,'Civil, familiar, derechos humanos y amparo','roxanaguerrerosotelo@yahoo.com.mx','null','Roxana Nayeli Guerrero Sotelo','Tipo de asesoría: Local. Fuente: http://rescatecdmx.org/','A','28/Septiembre/2017','',' '),(339,9,18,7,'Penal','luisnaja@hotmail.com','null','Jorge Sánchez naja','Tipo de asesoría: Local, A distancia. Fuente: http://rescatecdmx.org/','A','28/Septiembre/2017','',' '),(340,9,18,7,'Civil, familiar y mercantil','nayjr711@hotmail.com','2147483647','Consorcio Jurídico Nayjr','Tipo de asesoría: Local. Fuente: http://rescatecdmx.org/','A','28/Septiembre/2017','',' '),(341,9,18,7,'Civil y notarial','lilo_perezrodriguez@hotmail.com','2147483647','Liliana Pérez Rodriguez','Tipo de asesoría: Local. Fuente: http://rescatecdmx.org/','A','28/Septiembre/2017','',' '),(342,9,18,7,'Civil y familiar','delislola@hotmail.com','2147483647','Ana Delia Sanchez Gutiérrez','Tipo de asesoría: Local. Fuente: http://rescatecdmx.org/','A','28/Septiembre/2017','',' '),(343,9,18,7,'Civil,Seguros y Penal','eder.margon@gmail.com','2147483647','Eder Omar Martínez González','Tipo de asesoría: Local, A distancia. Fuente: http://rescatecdmx.org/','A','28/Septiembre/2017','',' '),(344,9,18,7,'Penal, Civil, Familiar y Seguros','colinperea.tge@gmail.com','2147483647','COLIN PEREA ALAN JOSEPH','Tipo de asesoría: Local. Fuente: http://rescatecdmx.org/','A','28/Septiembre/2017','',' '),(345,9,18,7,'Civil, Administrativo, Constitucional.','juliojagg@gmail.com','044 5541937339','Julio Alberto Gómez Galavíz.','Tipo de asesoría: Local, A distancia. Fuente: http://rescatecdmx.org/','A','28/Septiembre/2017','',' '),(346,9,18,7,'Civil, NMotarial','tialemi_16@live.com','2147483647','Tiare Alejandra Lechuga Miranda','Tipo de asesoría: Local. Fuente: http://rescatecdmx.org/','A','28/Septiembre/2017','',' '),(347,9,18,7,'Familiar y Penal','tomwelling_fabiola@hotmail.com','null','Fabiola Fuentes','Tipo de asesoría: Local. Fuente: http://rescatecdmx.org/','A','28/Septiembre/2017','',' '),(348,9,18,7,'Civil, Administrativo, Fiscal, Mercantil, Financiero','vtrueba.7@gmail.com','2147483647','Venancio Marcel Trueba Hüttich','Tipo de asesoría: Local. Fuente: http://rescatecdmx.org/','A','28/Septiembre/2017','',' '),(349,9,18,7,'Civil, familiar, penal','becerrilsveidy@outlook.com','null','Sveidy Becerril Domínguez','Tipo de asesoría: Local. Fuente: http://rescatecdmx.org/','A','28/Septiembre/2017','',' '),(350,9,18,7,'Corporativo, mercantil, contratos','enzo.echeverria@gmail.com','2147483647','Manuel Echeverría Cusi','Tipo de asesoría: Local. Fuente: http://rescatecdmx.org/','A','28/Septiembre/2017','',' '),(351,9,18,7,'Civil Mercantil Familiar Corporativo','rodolfoneri@msn.com','null','Rene Rodolfo Neri Figueroa','Tipo de asesoría: Local. Fuente: http://rescatecdmx.org/','A','28/Septiembre/2017','',' '),(352,9,18,7,'Civil y notarial','lu.emdt@gmail.com','2147483647','Lumy Evelyn Muñoz del Toro','Tipo de asesoría: Local, A distancia. Fuente: http://rescatecdmx.org/','A','28/Septiembre/2017','',' '),(353,9,18,7,'Familiar, civil, penal, tramites administrativos','licrosalescjce@gmail.com','null','Fany marilu rosales cano','Tipo de asesoría: Local. Fuente: http://rescatecdmx.org/','A','28/Septiembre/2017','',' '),(354,9,18,7,'civil,familiar','paolafisman@gmail.com','null','Paola Davila Fisman','Tipo de asesoría: Local, A distancia. Fuente: http://rescatecdmx.org/','A','28/Septiembre/2017','',' '),(355,9,18,7,'notarial, civil.','josedomingo.perez@hotmail.com','(044)5513958642','José Domingo Pérez Galindo','Tipo de asesoría: Local. Fuente: http://rescatecdmx.org/','A','28/Septiembre/2017','',' '),(356,9,18,7,'Laboral, civil, familiar y penal','lic.miguelnavarrete@gmail.com','2147483647','Miguel Ángel Navarrete Lara','Tipo de asesoría: Local. Fuente: http://rescatecdmx.org/','A','28/Septiembre/2017','',' '),(357,9,18,7,'Laboral','fbarquet@hotmail.com','2147483647','Farid Barquet Climent','Tipo de asesoría: Local. Fuente: http://rescatecdmx.org/','A','28/Septiembre/2017','',' '),(358,9,18,7,'CONTENCIOSA ADMINISTRATIVA, CIVIL, FAMILIAR, MERCANTIL','benjamin23347@hotmail.com','55 25 23 35 33 95','BENJAMÍN GARCÍA AGUIRRE','Tipo de asesoría: Local. Fuente: http://rescatecdmx.org/','A','28/Septiembre/2017','',' '),(359,9,18,7,'Administrativo','Gmg2908@gmail.com','2147483647','Gabriela mercado','Tipo de asesoría: Local. Fuente: http://rescatecdmx.org/','A','28/Septiembre/2017','',' '),(360,9,18,7,'Civil y notarial','e_argueta@live.com','2147483647','Elena Argueta','Tipo de asesoría: Local. Fuente: http://rescatecdmx.org/','A','28/Septiembre/2017','',' '),(361,9,18,7,'CIVIL, ADMINISTRATIVO Y FAMILIAR','maatlegalservicios@gmail.com','2147483647','JESÚS CASILLAS DEL RÍO','Tipo de asesoría: A distancia. Fuente: http://rescatecdmx.org/','A','28/Septiembre/2017','',' '),(362,9,18,7,'Administrativo','Gmg2908@gmail.com','2147483647','Gabriela mercado','Tipo de asesoría: Local. Fuente: http://rescatecdmx.org/','A','28/Septiembre/2017','',' '),(363,9,18,7,'Corporativo, laboral y fiscal','Alevarsan91@hotmail.com','2147483647','Beatriz Alejandra Varela Sandoval','Tipo de asesoría: Local. Fuente: http://rescatecdmx.org/','A','28/Septiembre/2017','',' '),(364,9,18,7,'Civil, familiar, notarial','victoria_belaunzaran@hotmail.com','2147483647','Victoria Belaunzaran Carballido','Tipo de asesoría: Local. Fuente: http://rescatecdmx.org/','A','28/Septiembre/2017','',' '),(365,9,18,7,'Inmobiliario/Civil','paola.colin@dentons.com','null','Paola Amelia Colin Sanchez','Tipo de asesoría: Local, A distancia. Fuente: http://rescatecdmx.org/','A','28/Septiembre/2017','',' '),(366,9,18,7,'Civil/notarial/inmobiliario','karlabarron17@gmail.com','2147483647','Karla Mercedes Ortiz barron','Tipo de asesoría: Local. Fuente: http://rescatecdmx.org/','A','28/Septiembre/2017','',' '),(367,9,18,7,'Civil, familiar, seguros','lic.maribelcruz@hotmail.com','2147483647','Maribel Cruz','Tipo de asesoría: Local. Fuente: http://rescatecdmx.org/','A','28/Septiembre/2017','',' '),(368,9,18,7,'Civil','sebastian.inchaustegui@dentons.com','(044)5528997591','Sebastián Incháustegui Arroyo','Tipo de asesoría: Local. Fuente: http://rescatecdmx.org/','A','28/Septiembre/2017','',' '),(369,9,18,7,'Penal','vcastillo_85@hotmail.com','2147483647','Victoria Castillo','Tipo de asesoría: Local, A distancia. Fuente: http://rescatecdmx.org/','A','28/Septiembre/2017','',' '),(370,9,18,7,'Civil','claudiapolancobremont@outlook.com','2147483647','Claudia Lizeth Polanco Bremont','Tipo de asesoría: Local. Fuente: http://rescatecdmx.org/','A','28/Septiembre/2017','',' '),(371,9,18,7,'Contratos, Civil, Constitucional','aldo.gonzalez@hklaw.com','null','Aldo González Melo','Tipo de asesoría: Local. Fuente: http://rescatecdmx.org/','A','28/Septiembre/2017','',' '),(372,9,18,7,'Servicios especializados en materia penal & familiar','null','2147483647','avendaño abogados','Tipo de asesoría: Local. Fuente: http://rescatecdmx.org/','A','28/Septiembre/2017','',' '),(373,9,18,7,'Penal & Familiar','null','2147483647','Alejandro Avendaño','Tipo de asesoría: Local. Fuente: http://rescatecdmx.org/','A','28/Septiembre/2017','',' '),(374,9,18,7,'financiera, corporativa, notarial, seguros, trámites de documentos perdidos,','paolagarnica23@hotmail.com','null','Paola Garnica','Tipo de asesoría: Local. Fuente: http://rescatecdmx.org/','A','28/Septiembre/2017','',' '),(375,9,18,7,'Civil y penal','dacam96@hotmail.com','(045) 998 240 2558','David Camhi Tello','Tipo de asesoría: Local. Fuente: http://rescatecdmx.org/','A','28/Septiembre/2017','',' '),(376,9,18,7,'Arrendamiento de inmuebles, arrendamientos de inmuebles, permisologia para construcción de infraestructura','m_alonsoespinosa@hotmail.com','2147483647','Melina Alonso Espinosa','Tipo de asesoría: Local. Fuente: http://rescatecdmx.org/','A','28/Septiembre/2017','',' '),(377,9,18,7,'Familiar, penal y notarial','panik_93@live.com.mx','null','David Eduardo Fernández López','Tipo de asesoría: A distancia. Fuente: http://rescatecdmx.org/','A','28/Septiembre/2017','',' '),(378,9,18,7,'Civil y familiar','jorgeisaac.perez@hotmail.com','null','Jorge Perez bautista','Tipo de asesoría: Local. Fuente: http://rescatecdmx.org/','A','28/Septiembre/2017','',' '),(379,9,18,7,'Penal, civil, familiar','Cyn.mtz02@gmail.com','2147483647','Cynthia Martínez','Tipo de asesoría: Local, A distancia. Fuente: http://rescatecdmx.org/','A','28/Septiembre/2017','',' '),(380,9,18,7,'Civil, familiar','lourdes.coronado1@hotmail.com','2147483647','Lourdes Isel Coronado Oropeza','Tipo de asesoría: Local. Fuente: http://rescatecdmx.org/','A','28/Septiembre/2017','',' '),(381,9,18,7,'Civil y notarial','Mariana.palacios.diaz@gmail.com','2147483647','Mariana Palacios Díaz','Tipo de asesoría: Local. Fuente: http://rescatecdmx.org/','A','28/Septiembre/2017','',' '),(382,9,18,7,'Notarial y tramites en general','Jmar_encuentra@hotmail.com','2147483647','Juan Manuel Arellano','Tipo de asesoría: Local. Fuente: http://rescatecdmx.org/','A','28/Septiembre/2017','',' '),(383,9,18,7,'Corporativo administrativo','mavg_0807@hotmail.com','2147483647','Marco Antonio Vera García','Tipo de asesoría: Local. Fuente: http://rescatecdmx.org/','A','28/Septiembre/2017','',' '),(384,9,18,7,'Civil, Familiar, inmobiliario, Notarial y Penal','null','2147483647','Omar Pérez Corona','Tipo de asesoría: Local. Fuente: http://rescatecdmx.org/','A','28/Septiembre/2017','',' '),(385,9,18,7,'Civil, Familiar','jbobadilla@bwb.mx','(044) 55 382 686 80','Jose de Jesus Bobadilla Medina','Tipo de asesoría: Local. Fuente: http://rescatecdmx.org/','A','28/Septiembre/2017','',' '),(386,9,18,7,'Civil, Familiar, Laboral y Penal','bufete 01@yahoo.com.mx','(044) 5510069187','José Antonio Vázquez García','Tipo de asesoría: Local. Fuente: http://rescatecdmx.org/','A','28/Septiembre/2017','',' '),(387,9,18,7,'Laboral','jose.antonio.ortiz.verdiguel@gmail.com','2147483647','José Antonio Ortiz Verdiguel','Tipo de asesoría: Local. Fuente: http://rescatecdmx.org/','A','28/Septiembre/2017','',' '),(388,9,18,7,'Civil, Familiar y Derechos Humanos','perla.sanchezd@hotmail.com','2147483647','Perla Dalila Sánchez Dominguez','Tipo de asesoría: Local, A distancia. Fuente: http://rescatecdmx.org/','A','28/Septiembre/2017','',' '),(389,9,18,7,'Civil, Familiar y Derechos Humanos','perla.sanchezd@hotmail.com','2147483647','Perla Dalila Sánchez Dominguez','Tipo de asesoría: Local, A distancia. Fuente: http://rescatecdmx.org/','A','28/Septiembre/2017','',' '),(390,9,18,7,'Civil, Familiar y Derechos Humanos','perla.sanchezd@hotmail.com','2147483647','Perla Dalila Sánchez Dominguez','Tipo de asesoría: Local, A distancia. Fuente: http://rescatecdmx.org/','A','28/Septiembre/2017','',' '),(391,9,18,7,'Civil, Familiar y Derechos Humanos','perla.sanchezd@hotmail.com','2147483647','Perla Dalila Sánchez Dominguez','Tipo de asesoría: Local, A distancia. Fuente: http://rescatecdmx.org/','A','28/Septiembre/2017','',' '),(392,9,18,7,'Civil, Familiar y Derechos Humanos','perla.sanchezd@hotmail.com','2147483647','Perla Dalila Sánchez Dominguez','Tipo de asesoría: Local, A distancia. Fuente: http://rescatecdmx.org/','A','28/Septiembre/2017','',' '),(393,9,18,7,'Civil, Familiar y Derechos Humanos','perla.sanchezd@hotmail.com','2147483647','Perla Dalila Sánchez Dominguez','Tipo de asesoría: Local, A distancia. Fuente: http://rescatecdmx.org/','A','28/Septiembre/2017','',' '),(394,9,18,7,'Civil, Familiar y Derechos Humanos','perla.sanchezd@hotmail.com','2147483647','Perla Dalila Sánchez Dominguez','Tipo de asesoría: Local, A distancia. Fuente: http://rescatecdmx.org/','A','28/Septiembre/2017','',' '),(395,9,18,7,'Civil, Familiar y Derechos Humanos','perla.sanchezd@hotmail.com','2147483647','Perla Dalila Sánchez Dominguez','Tipo de asesoría: Local, A distancia. Fuente: http://rescatecdmx.org/','A','28/Septiembre/2017','',' '),(396,9,18,7,'Civil, Familiar y Derechos Humanos','perla.sanchezd@hotmail.com','2147483647','Perla Dalila Sánchez Dominguez','Tipo de asesoría: Local, A distancia. Fuente: http://rescatecdmx.org/','A','28/Septiembre/2017','',' '),(397,9,18,7,'Civil administrativo','Tahimigarcia@hotmail.com','2147483647','Anais tahimi garcia Maciel','Tipo de asesoría: Local. Fuente: http://rescatecdmx.org/','A','28/Septiembre/2017','',' '),(398,9,18,7,'Civil, Familiar y Derechos Humanos','perla.sanchezd@hotmail.com','2147483647','Perla Dalila Sánchez Dominguez','Tipo de asesoría: Local, A distancia. Fuente: http://rescatecdmx.org/','A','28/Septiembre/2017','',' '),(399,9,18,7,'Civil, Familiar y Derechos Humanos','perla.sanchezd@hotmail.com','2147483647','Perla Dalila Sánchez Dominguez','Tipo de asesoría: Local, A distancia. Fuente: http://rescatecdmx.org/','A','28/Septiembre/2017','',' '),(400,9,18,7,'Civil, Familiar y Derechos Humanos','perla.sanchezd@hotmail.com','2147483647','Perla Dalila Sánchez Dominguez','Tipo de asesoría: Local, A distancia. Fuente: http://rescatecdmx.org/','A','28/Septiembre/2017','',' '),(401,9,18,7,'Civil, Familiar y Derechos Humanos','perla.sanchezd@hotmail.com','2147483647','Perla Dalila Sánchez Dominguez','Tipo de asesoría: Local, A distancia. Fuente: http://rescatecdmx.org/','A','28/Septiembre/2017','',' '),(402,9,18,7,'Civil, Familiar y Derechos Humanos','perla.sanchezd@hotmail.com','2147483647','Perla Dalila Sánchez Dominguez','Tipo de asesoría: Local, A distancia. Fuente: http://rescatecdmx.org/','A','28/Septiembre/2017','',' '),(403,9,18,7,'Civil, Familiar y Derechos Humanos','perla.sanchezd@hotmail.com','2147483647','Perla Dalila Sánchez Dominguez','Tipo de asesoría: Local, A distancia. Fuente: http://rescatecdmx.org/','A','28/Septiembre/2017','',' '),(404,9,18,7,'Civil, Familiar y Derechos Humanos','perla.sanchezd@hotmail.com','2147483647','Perla Dalila Sánchez Dominguez','Tipo de asesoría: Local, A distancia. Fuente: http://rescatecdmx.org/','A','28/Septiembre/2017','',' '),(405,9,18,7,'Civil, Familiar y Derechos Humanos','perla.sanchezd@hotmail.com','2147483647','Perla Dalila Sánchez Dominguez','Tipo de asesoría: Local, A distancia. Fuente: http://rescatecdmx.org/','A','28/Septiembre/2017','',' '),(406,9,18,7,'Civil, Familiar y Derechos Humanos','perla.sanchezd@hotmail.com','2147483647','Perla Dalila Sánchez Dominguez','Tipo de asesoría: Local, A distancia. Fuente: http://rescatecdmx.org/','A','28/Septiembre/2017','',' '),(407,9,18,7,'mercantil, civil, seguros,','alejandra.martinez.mcla@outlook.com','null','Alejandra Martínez','Tipo de asesoría: Local. Fuente: http://rescatecdmx.org/','A','28/Septiembre/2017','',' '),(408,9,18,7,'Bancaria, financiera, civil','marce_verastegui@hotmail.com','2147483647','Marcela Verastegui Talamas','Tipo de asesoría: Local. Fuente: http://rescatecdmx.org/','A','28/Septiembre/2017','',' '),(409,9,18,7,'Penal y Administrativa','grace_bm@hotmail.com','2147483647','María Graciela Cerón Ortiz','Tipo de asesoría: Local. Fuente: http://rescatecdmx.org/','A','28/Septiembre/2017','',' '),(410,9,18,7,'Seguros de Daños','lediaztrujillop@outlook.com','(044)5544944226','Luis E. Díaz-Trujillo P.','Tipo de asesoría: Local, A distancia. Fuente: http://rescatecdmx.org/','A','28/Septiembre/2017','',' '),(411,9,18,7,'Civil, familiar','alisthemis@gmail.com','2147483647','Alicia Herrera','Tipo de asesoría: Local. Fuente: http://rescatecdmx.org/','A','28/Septiembre/2017','',' '),(412,9,18,7,'Corporativo, apoyo en trámites notariales y trámites administrativos.','mariana.villanuevagzz@gmail.com','2147483647','Mariana Villanueva González','Tipo de asesoría: Local. Fuente: http://rescatecdmx.org/','A','28/Septiembre/2017','',' '),(413,9,18,7,'Civil, seguros, notarial, gestion inmobiliaria e hipotecaria','david_gag@hotmail.com','2147483647','David galicia garcia','Tipo de asesoría: Local. Fuente: http://rescatecdmx.org/','A','28/Septiembre/2017','',' '),(414,9,18,7,'Civil, Familiar, Mercantil','gabriela.luna.uribe@hotmail.com','null','Gabriela Luna','Tipo de asesoría: Local. Fuente: http://rescatecdmx.org/','A','28/Septiembre/2017','',' '),(415,9,18,7,'Civil, administrativa, penal y amparo','rolgcm2011@hotmail.com','2147483647','Rocio Lopez Gonzalez','Tipo de asesoría: Local. Fuente: http://rescatecdmx.org/','A','28/Septiembre/2017','',' '),(416,9,18,7,'Civil, administrativo, amparo y penal.','gmaciasllanas@gmail.com','2147483647','Grecia Elizabeth Macías Llanas','Tipo de asesoría: Local, A distancia. Fuente: http://rescatecdmx.org/','A','28/Septiembre/2017','',' '),(417,9,18,7,'Derecjo civil enfocado a materia inmobiliaria, testamentos y sucesoria (herencia)','mlg@notaria103df.mx','null','Sarahí Montserrat Larios Garzón','Tipo de asesoría: Local. Fuente: http://rescatecdmx.org/','A','28/Septiembre/2017','',' '),(418,9,18,7,'Civil, Amparo, Derechos Humanos','dquintacastro@gmail.com','(044) 55 39 99 88 60','Daniel Quintanilla Castro','Tipo de asesoría: Local. Fuente: http://rescatecdmx.org/','A','28/Septiembre/2017','',' '),(419,9,18,7,'Laboral','larmendariz@anayavaldepena.com.mx','2147483647','Anaya valdepeña','Tipo de asesoría: Local. Fuente: http://rescatecdmx.org/','A','28/Septiembre/2017','',' '),(420,9,18,7,'Civil, familiar, sucesorio, notarial','irene.anton.espinosa@gmail.com','2147483647','Irene Antón Espinosa','Tipo de asesoría: Local. Fuente: http://rescatecdmx.org/','A','28/Septiembre/2017','',' '),(421,9,18,7,'NOTARIAL','marypaz_183@hotmail.com.mx','2147483647','MARIA DE LA PAZ VICARIO PABLO','Tipo de asesoría: Local. Fuente: http://rescatecdmx.org/','A','28/Septiembre/2017','',' '),(422,9,18,7,'Civil, familiar.','jeduardoriverar@gmail.com','2147483647','Jose Eduardo Rivera Rosas','Tipo de asesoría: Local. Fuente: http://rescatecdmx.org/','A','28/Septiembre/2017','',' '),(423,9,18,7,'Familiar','io05me@hotmail.com','null','Mirna Eugenia Villegas Flores','Tipo de asesoría: Local. Fuente: http://rescatecdmx.org/','A','28/Septiembre/2017','',' '),(424,9,18,7,'Civil, familiar','diegodefu04@gmail.com','2147483647','Diego Zorrilla De Fuentes','Tipo de asesoría: Local. Fuente: http://rescatecdmx.org/','A','28/Septiembre/2017','',' '),(425,9,18,7,'Inmobiliario y de construcciones','l.diaz.vdvabogados@gmail.com','2147483647','Linda Viridiana Díaz López','Tipo de asesoría: Local. Fuente: http://rescatecdmx.org/','A','28/Septiembre/2017','',' '),(426,9,18,7,'Propiedad industrial, litigios administrativos, asesoría en materia de demandas','Acisneros@cuevaslugo.com.mx','2147483647','Ana gabriela cisneros Martínez del campo','Tipo de asesoría: Local. Fuente: http://rescatecdmx.org/','A','28/Septiembre/2017','',' '),(427,9,18,7,'Civil, familiar notarial, administrativo etc','Jazminpamelacs@gmail.com','2147483647','Jazmin pamela cabrera sanchez','Tipo de asesoría: Local. Fuente: http://rescatecdmx.org/','A','28/Septiembre/2017','',' '),(428,9,18,7,'Impuestos, litigios administrativos, amparos','ppg527@hotmail.com','(55) 1631 6224','Paola Plaza','Tipo de asesoría: Local, A distancia. Fuente: http://rescatecdmx.org/','A','28/Septiembre/2017','',' '),(429,9,18,7,'Notarial, Civil, regimen de condominios','omar.tarin@hotmail.com','04455 74472606','NOTARIA 25 CDMX','Tipo de asesoría: Local. Fuente: http://rescatecdmx.org/','A','28/Septiembre/2017','',' '),(430,9,18,7,'civil, notarial','marianelaghernandez@gmail.com','null','Marianela Hernández','Tipo de asesoría: Local, A distancia. Fuente: http://rescatecdmx.org/','A','28/Septiembre/2017','',' '),(431,9,18,7,'Civil y familiar, administrativa','avr.cinthya@gmail.com','null','Cinthya Almazan Niño','Tipo de asesoría: Local. Fuente: http://rescatecdmx.org/','A','28/Septiembre/2017','',' '),(432,9,18,7,'Civil y familiar','juanjosepch@gmail.com','2147483647','Juan José Pacheco Echeverría','Tipo de asesoría: A distancia. Fuente: http://rescatecdmx.org/','A','28/Septiembre/2017','',' '),(433,9,18,7,'Familiar','gse.abogados.gc@gmail.com','2147483647','Gerson González Cortés','Tipo de asesoría: Local. Fuente: http://rescatecdmx.org/','A','28/Septiembre/2017','',' '),(434,9,18,7,'Civil y Familiar','null','2147483647','Diana Carbajal','Tipo de asesoría: Local. Fuente: http://rescatecdmx.org/','A','28/Septiembre/2017','',' '),(435,9,18,7,'Civil y familiar','adryespinosamg@gmail.com','(044)5538998813','Adriana Espinosa de los Monteros','Tipo de asesoría: Local. Fuente: http://rescatecdmx.org/','A','28/Septiembre/2017','',' '),(436,9,18,7,'Civil, Penal, Administrativa','igmg22@hotmail.com','2147483647','Ignacio Murillo García','Tipo de asesoría: Local. Fuente: http://rescatecdmx.org/','A','28/Septiembre/2017','',' '),(437,9,18,7,'Civil, familiar, constitucional y amparo','suryapalacios@yahoo.com','2147483647','Surya Palacios','Tipo de asesoría: Local. Fuente: http://rescatecdmx.org/','A','28/Septiembre/2017','',' '),(438,9,18,7,'CIVIL Y FISCAL','igardea@basham.com.mx','2147483647','IRIS SOFÍA GARDEA HINOJOSA','Tipo de asesoría: Local. Fuente: http://rescatecdmx.org/','A','28/Septiembre/2017','',' '),(439,9,18,7,'Fiscal, y propiedad intelectual','Cecilia_221092@hotmail.com','2147483647','Cecilia Itzel Placencia','Tipo de asesoría: Local. Fuente: http://rescatecdmx.org/','A','28/Septiembre/2017','',' '),(440,9,18,7,'Penal, fraude, LFPIORPI, LMV, fideicomisos','Lourdes.pinzon.escalante@gmail.com','2147483647','Maria de Lourdes Pinzon Escalante','Tipo de asesoría: Local. Fuente: http://rescatecdmx.org/','A','28/Septiembre/2017','',' '),(441,9,18,7,'Laboral','roselinehuesca@gmail.com','2147483647','Roseline Isabel Huesca Moro','Tipo de asesoría: Local. Fuente: http://rescatecdmx.org/','A','28/Septiembre/2017','',' '),(442,9,18,7,'Laboral','isalex79@hotmail.com','null','Isabel Villavicencio Zavaleta','Tipo de asesoría: Local. Fuente: http://rescatecdmx.org/','A','28/Septiembre/2017','',' '),(443,9,18,7,'Penal, derechos humanos y administrativo','contacto.accedeh@gmail.com','null','Clínica contra la Trata de Personas del ITAM','Tipo de asesoría: Local. Fuente: http://rescatecdmx.org/','A','28/Septiembre/2017','',' '),(444,9,18,7,'General y derechos humanos','nancygarciafregoso@gmail.com','(044)5545533991','Nancy García Fregoso','Tipo de asesoría: Local. Fuente: http://rescatecdmx.org/','A','28/Septiembre/2017','',' '),(445,9,18,7,'Civil y familiar','juan.duenas@hoganlovells.com','null','Juan Arturo Dueñas','Tipo de asesoría: Local. Fuente: http://rescatecdmx.org/','A','28/Septiembre/2017','',' '),(446,9,18,7,'Penal y derechos humanos','les.jimenez@hotmail.com','null','Leslie Idania Jiménez Urzúa','Tipo de asesoría: Local. Fuente: http://rescatecdmx.org/','A','28/Septiembre/2017','',' '),(447,9,18,7,'Civil','sandraramirez.nav@gmail.com','null','Sandra Ramírez','Tipo de asesoría: Local. Fuente: http://rescatecdmx.org/','A','28/Septiembre/2017','',' '),(448,9,18,7,'Familiar y sucesorio','javier@najeramontiel.com.mx','null','Javier Nájera','Tipo de asesoría: Local. Fuente: http://rescatecdmx.org/','A','28/Septiembre/2017','',' '),(449,9,18,7,'Civil','arianneg.leon@gmail.com','null','Ariane León Rivera','Tipo de asesoría: Local. Fuente: http://rescatecdmx.org/','A','28/Septiembre/2017','',' '),(450,9,18,7,'Civil y familiar','garcia.tobilla@outlook.com','null','René García Tobilla','Tipo de asesoría: Local. Fuente: http://rescatecdmx.org/','A','28/Septiembre/2017','',' '),(451,9,18,7,'Administrativo, fiscal y civil','bronik_7@hotmail.com','null','Anallely Verónica Arroyo Ruiz','Tipo de asesoría: Local. Fuente: http://rescatecdmx.org/','A','28/Septiembre/2017','',' '),(452,9,18,7,'Penal','abogadiegofmh@gmail.com','(044)5531897030','Diego Fernando Martíne Hernández','Tipo de asesoría: Local. Fuente: http://rescatecdmx.org/','A','28/Septiembre/2017','',' '),(453,9,18,7,'Corporativo','abugaber88@hotmail.com','(045)8110508449','Nazdira Abugaber Falcón','Tipo de asesoría: A distancia. Fuente: http://rescatecdmx.org/','A','28/Septiembre/2017','',' '),(454,9,18,7,'Civil y familiar','null','(044)5562959227','Damaris Jael Espinosa','Tipo de asesoría: Local. Fuente: http://rescatecdmx.org/','A','28/Septiembre/2017','',' '),(455,9,18,7,'Administrativo, civil y familiar','emmanuelrm1996@hotmail.com','null','Emmanuel Rodríguez Mata','Tipo de asesoría: Local. Fuente: http://rescatecdmx.org/','A','28/Septiembre/2017','',' '),(456,9,18,7,'Seguros, penal y civil','mdneri74@gmail.com','(044)5520192141','María Dolores Neri Ayala','Tipo de asesoría: Local. Fuente: http://rescatecdmx.org/','A','28/Septiembre/2017','',' '),(457,9,18,7,'Civil y mercantil','jdegaray.alfaroli@gmail.com','null','Juan de Garay Alfaroli','Tipo de asesoría: Local. Fuente: http://rescatecdmx.org/','A','28/Septiembre/2017','',' '),(458,9,18,7,'Civil','juanlgdius@gmail.com','null','Juan Luis García Delgado','Tipo de asesoría: Local. Fuente: http://rescatecdmx.org/','A','28/Septiembre/2017','',' '),(459,9,18,7,'Inmobiliario, registral e hipotecas','gcruzh@yahoo.com','(044)5543584983','Gabriel Cruz Hernández','Tipo de asesoría: Local. Fuente: http://rescatecdmx.org/','A','28/Septiembre/2017','',' '),(460,9,18,7,'Civil y notarial','cabrera.lalo@hotmail.com','(044)5563171381','Eduardo Hernández Cabrera','Tipo de asesoría: Local. Fuente: http://rescatecdmx.org/','A','28/Septiembre/2017','',' '),(461,9,18,7,'Civil, familiar y derechos humanos','fer_romo0110@hotmail.com','(044)5519529146','Fernanda Romo Carrillo','Tipo de asesoría: Local. Fuente: http://rescatecdmx.org/','A','28/Septiembre/2017','',' '),(462,9,18,7,'Laboral, penal, amparo y administrativo','imanuelgarrido@gmail.com','(044)5514414836','Ignacio Manuel Garrido Castillo','Tipo de asesoría: Local. Fuente: http://rescatecdmx.org/','A','28/Septiembre/2017','',' '),(463,9,18,7,'Civil, mercantil, familiar y fiscal','jeniferfuentesc@gmail.com','(044)5514414836','Jenifer Fuentes Carmona','Tipo de asesoría: Local. Fuente: http://rescatecdmx.org/','A','28/Septiembre/2017','',' '),(464,9,18,7,'Familiar y civil','gisela_1905@yahoo.com.mx','(044)5526928720','Gisela Siraid Vega Marín','Tipo de asesoría: Local. Fuente: http://rescatecdmx.org/','A','28/Septiembre/2017','',' '),(465,9,18,7,'Seguros y derechos humanos','alvaro.solis@siloconsultores.com','(044)5566292027','Álvaro Noah','Tipo de asesoría: Local. Fuente: http://rescatecdmx.org/','A','28/Septiembre/2017','',' '),(466,9,18,7,'Laboral','alix.trimmer@hotmail.com','(044)5522643591','Alix Airam Trimmer Espinosa','Tipo de asesoría: Local. Fuente: http://rescatecdmx.org/','A','28/Septiembre/2017','',' '),(467,9,18,7,'Laboral y administrativa','Joni@comunidad.unam.mx','(044)5520235793','Jonathan Carbajal Hernández','Tipo de asesoría: Local. Fuente: http://rescatecdmx.org/','A','28/Septiembre/2017','',' '),(468,9,18,7,'Notarial','null','(044)5572197786','Luis René Parada Latournier','Tipo de asesoría: Local. Fuente: http://rescatecdmx.org/','A','28/Septiembre/2017','',' '),(469,9,18,7,'Civil y familiar','eadict@yahoo.com.mx','(044)5527325001','Josué Brandon Estrada Chavarría','Tipo de asesoría: Local. Fuente: http://rescatecdmx.org/','A','28/Septiembre/2017','',' '),(470,9,18,7,'Administrativo, fiscal y laboral','null','(044)5526758241','David Rodríguez Elizalde','Tipo de asesoría: Local. Fuente: http://rescatecdmx.org/','A','28/Septiembre/2017','',' '),(471,9,18,7,'Familiar, civil, sucesoria, registral, notarial y trámites ante dependencias','luismussa1993@gmail.com','(044)5545136580','Luis Guillermo Mussa García','Tipo de asesoría: Local. Fuente: http://rescatecdmx.org/','A','28/Septiembre/2017','',' '),(472,9,18,7,'Civil y Familiar','antoniofloresn@gmail.com','null','Antonio Flores Navarro','Tipo de asesoría: Local. Fuente: http://rescatecdmx.org/','A','28/Septiembre/2017','',' '),(473,9,18,7,'Derechos humanos, familiar, civil e hipotecario','carolsangtz@hotmail.com','(044)5525396605','Carol Sánchez','Tipo de asesoría: Local. Fuente: http://rescatecdmx.org/','A','28/Septiembre/2017','',' '),(474,9,18,7,'Civil y seguros','advocatusuaem@gmail.com','(044)5512641786','Jacqueline Hurtado Becerra','Tipo de asesoría: Local. Fuente: http://rescatecdmx.org/','A','28/Septiembre/2017','',' '),(475,9,18,7,'Civil, familiar y género','inad.dba@gmail.com','(044)5528587787','Daniela Barbosa Ayala','Tipo de asesoría: Local. Fuente: http://rescatecdmx.org/','A','28/Septiembre/2017','',' '),(476,9,18,7,'Civil, mercantil y familiar','alonso-inclan@cnai.mx','null','Victor Manuel Alonso Inclán','Tipo de asesoría: Local. Fuente: http://rescatecdmx.org/','A','28/Septiembre/2017','',' '),(477,9,18,7,'Administrativo, Civil, Derechos humanos y constitucional','josemanuel.der@gmail.com','(044)5525637251','José Manuel Ruiz Ramírez','Tipo de asesoría: Local. Fuente: http://rescatecdmx.org/','A','28/Septiembre/2017','',' '),(478,9,18,7,'Civil y familiar','griisfr@hotmail.com','null','Alelí Flores Rosas','Tipo de asesoría: Local. Fuente: http://rescatecdmx.org/','A','28/Septiembre/2017','',' '),(479,9,18,7,'Civil y familiar','mgabogadosasociados@gmail.com','(044)5549284059','Arantxa Lescem Beade Chávez','Tipo de asesoría: Local. Fuente: http://rescatecdmx.org/','A','28/Septiembre/2017','',' '),(480,9,18,7,'Civil y familiar','mcr_ana93@hotmail.com','null','Ana Lorena Lomas Morales','Tipo de asesoría: Local. Fuente: http://rescatecdmx.org/','A','28/Septiembre/2017','',' '),(481,9,18,7,'Familiar y migratorio','mazpeitia@azpeitiacamargo.com','(044)5568012370','Melissa Azpeitia Hernández','Tipo de asesoría: Local. Fuente: http://rescatecdmx.org/','A','28/Septiembre/2017','',' '),(482,9,18,7,'Penal','sergio@castropizana.mx','(044)5555077903','Sergio Luna Amaya','Tipo de asesoría: Local. Fuente: http://rescatecdmx.org/','A','28/Septiembre/2017','',' '),(483,9,18,7,'Seguros, migración y litigio','jcsvasco1@gmail.com','(044)55 91187420','Juan Carlos Salinas Vasco','Tipo de asesoría: Local. Fuente: http://rescatecdmx.org/','A','28/Septiembre/2017','',' '),(484,9,18,7,'Civil, mercantil y seguros','fzurita.ayc@gmail.com','(044)5514517708','Fernando Zurita Aldrete','Tipo de asesoría: Local. Fuente: http://rescatecdmx.org/','A','28/Septiembre/2017','',' '),(485,9,18,7,'Civil y familiar','angie_lawyer@hotmail.com','(044)5516548593','Angélica Haydée Ríos Márquez','Tipo de asesoría: Local. Fuente: http://rescatecdmx.org/','A','28/Septiembre/2017','',' '),(486,9,18,7,'Sucesiones, inmobiliario, testamentos y sociedades','jlmendoza@comunidad.unam.mx','(044)5534573679','José Luis Ramos Mendoza','Tipo de asesoría: Local. Fuente: http://rescatecdmx.org/','A','28/Septiembre/2017','',' '),(487,9,18,7,'Civil, familiar y administrativo','jacquims27@gmail.com','(044)5569630956','Jacqueline Miranda de los Santos','Tipo de asesoría: Local y a distancia. Fuente: http://rescatecdmx.org/','A','28/Septiembre/2017','',' '),(488,9,18,7,'Civil, familiar y sucesiones','Antonio.i.alvarez.c@gmail.com','null','Antonio Ignacio Álvarez Cataño','Tipo de asesoría: Local. Fuente: http://rescatecdmx.org/','A','28/Septiembre/2017','',' '),(489,9,18,7,'Civil y mercantil','cgna2000@yahoo.com.mx','null','Carlos Nuñex Alonso','Tipo de asesoría: Local. Fuente: http://rescatecdmx.org/','A','28/Septiembre/2017','',' '),(490,9,18,7,'Laboral, burocrática y seguridad social','arellano.abogados@hotmail.com','(044)55-5416-5938','Armando Contreras Arellano','Tipo de asesoría: Local. Fuente: http://rescatecdmx.org/','A','28/Septiembre/2017','',' '),(491,9,18,7,'Civil y familiar','jbobadilla@bwb.mx','(044)5511661429','José de Jesús Bobadilla Medina','Tipo de asesoría: Local. Fuente: http://rescatecdmx.org/','A','28/Septiembre/2017','',' '),(492,9,18,7,'Seguros, administrativo y derechos humanos','giovanni.camacho10@gmail.com','(044)5567102037','Giovanni Camacho','Tipo de asesoría: Local. Fuente: http://rescatecdmx.org/','A','28/Septiembre/2017','',' '),(493,9,18,7,'Inmobiliario, sucesorio y bienes','thalia.ruizuribe@gmail.com','(044)5536757817','Thalia Stephanie Ruiz Uribe','Tipo de asesoría: Local. Fuente: http://rescatecdmx.org/','A','28/Septiembre/2017','',' '),(494,9,18,7,'Civil y mercantil','jcavabogado@gmail.com','(044)5560924063','Juan Carlos Argüelles','Tipo de asesoría: Local. Fuente: http://rescatecdmx.org/','A','28/Septiembre/2017','',' '),(495,9,18,7,'Civil, familiar, laboral y administrativa','null','(044)5543538668','Jaime Azuara Estrada','Tipo de asesoría: Local. Fuente: http://rescatecdmx.org/','A','28/Septiembre/2017','',' '),(496,9,18,7,'Civil, penal, mercantil y notarial','lawyergalaviz@yahoo.com','(044)5539977786','Ulisses Hernández Galaviz','Tipo de asesoría: Local. Fuente: http://rescatecdmx.org/','A','28/Septiembre/2017','',' '),(497,9,18,7,'Laboral, familiar y civil','crcastillo@ymail.com','(044)5543641879','Carolina Ríos Castillo','Tipo de asesoría: Local. Fuente: http://rescatecdmx.org/','A','28/Septiembre/2017','',' '),(498,9,18,7,'Civil, mercantil, penal y seguros','jcolugov@gmail.com','(044)5519329015','Martín Lugo','Tipo de asesoría: Local. Fuente: http://rescatecdmx.org/','A','28/Septiembre/2017','',' '),(499,9,18,7,'Civil y familiar','karyelizabeth_gt0228@outlook.com','(044)5566793786','Karina Elizabeth García Tufiño','Tipo de asesoría: Local. Fuente: http://rescatecdmx.org/','A','28/Septiembre/2017','',' '),(500,9,18,7,'Civil y mercantil','Danielgb@gb-abogados.com.mx','null','Daniel García Barragán López','Tipo de asesoría: Local. Fuente: http://rescatecdmx.org/','A','28/Septiembre/2017','',' '),(501,9,18,7,'Construcción, inmobiliario, administrativo y derechos humanos','elr.law@gmail.com','(044)5554571486','Esmeralda Lara','Tipo de asesoría: Local. Fuente: http://rescatecdmx.org/','A','28/Septiembre/2017','',' '),(502,9,18,7,'Administrativo, penal y derechos humanos','vmirandaleyva@gmail.com','null','Víctor Manuel Miranda Leyva','Tipo de asesoría: Local. Fuente: http://rescatecdmx.org/','A','28/Septiembre/2017','',' '),(503,9,18,7,'Fiscal, mercantil y administrativo','rauldelprado15@hotmail.com','(044)5525698693','Raúl del Prado Flores','Tipo de asesoría: Local. Fuente: http://rescatecdmx.org/','A','28/Septiembre/2017','',' '),(504,9,18,7,'Familiar','null','(044)5539391261','Belén Vilchis Ramírez','Tipo de asesoría: Local. Fuente: http://rescatecdmx.org/','A','28/Septiembre/2017','',' '),(505,9,18,7,'Civiles, seguros y administrativo','miguel.mateo@hoganlovells.com','(044)5545118729','Miguel Ángel Mateo Simón','Tipo de asesoría: Local. Fuente: http://rescatecdmx.org/','A','28/Septiembre/2017','',' '),(506,9,18,7,'Inmobiliario y civil','juanp_cgg@hotmail.com','(045)8110690963','Juan Pablo Campillo Gaona','Tipo de asesoría: Local. Fuente: http://rescatecdmx.org/','A','28/Septiembre/2017','',' '),(507,9,18,7,'Civil y mercantil','sergio.mendozabaeza94@gmail.com','(044)5527214142','Sergio Ángel Mendoza Baeza','Tipo de asesoría: Local. Fuente: http://rescatecdmx.org/','A','28/Septiembre/2017','',' '),(508,9,18,7,'Penal y derechos humanos','natalia.p.cordero@gmail.com','null','Natalia Pérez Cordero','Tipo de asesoría: Local. Fuente: http://rescatecdmx.org/','A','28/Septiembre/2017','',' '),(509,9,18,7,'Administrativo','erick.hidalgo.velasco@gmail.com','(044)5538509812','Erick Hidalgo','Tipo de asesoría: Local. Fuente: http://rescatecdmx.org/','A','28/Septiembre/2017','',' '),(510,9,18,7,'Civil y familiar','9jjimenez@gmail.com','(044)5535045878','José de Jesús Jiménez Rodríguez','Tipo de asesoría: Local. Fuente: http://rescatecdmx.org/','A','28/Septiembre/2017','',' '),(511,9,18,7,'Civil, familiar y seguros','jtorres.bufetefarell@gmail.com','(044)5540886746','Irma Janeth Torres Sánchez','Tipo de asesoría: Local. Fuente: http://rescatecdmx.org/','A','28/Septiembre/2017','',' '),(512,9,18,7,'Derechos humanos, amparo y administrativo','zuevalenzuela@gmail.com','(044)5548531446','Zue Valenzuela Contreras','Tipo de asesoría: Local. Fuente: http://rescatecdmx.org/','A','28/Septiembre/2017','',' '),(513,9,18,7,'Seguros y civil','said.perez9580@gmail.com','(044)5541885126','Edgar Said Pérez Noguez','Tipo de asesoría: Local. Fuente: http://rescatecdmx.org/','A','28/Septiembre/2017','',' '),(514,9,18,7,'Civil, familiar y mercantil','bufete.juridico.pericial@gmail.com','null','Ricardo Miñón Reyes','Tipo de asesoría: Local. Fuente: http://rescatecdmx.org/','A','28/Septiembre/2017','',' '),(515,9,18,7,'Civil, familiar y arrendamiento','jcalvarezmoreno@gmail.com','(044)5513452280','Juan Carlos Álvarez Moreno','Tipo de asesoría: Local. Fuente: http://rescatecdmx.org/','A','28/Septiembre/2017','',' '),(516,9,18,7,'Penal, amparo y derechos humanos','eriquelme@herediarubioabogados.mx','(044)5529714037','Enrique Riquelme','Tipo de asesoría: Local. Fuente: http://rescatecdmx.org/','A','28/Septiembre/2017','',' '),(517,9,18,7,'Penal y derechos humanos','null','(044)5543811129','Enuice Leyva García','Tipo de asesoría: Local. Fuente: http://rescatecdmx.org/','A','28/Septiembre/2017','',' '),(518,9,18,7,'Servicios notariales gratuitos','gescamilla@notaria243.com','null','Guillermo Escamilla','Tipo de asesoría: Local. Fuente: http://rescatecdmx.org/','A','28/Septiembre/2017','',' '),(519,9,18,7,'Civil, mercantil, administrativo y amparo','jo-r-lopez@hotmail.com','(044)5569667965','Jorge Luis Gómez López','Tipo de asesoría: Local. Fuente: http://rescatecdmx.org/','A','28/Septiembre/2017','',' '),(520,9,18,7,'Registral y laboral','ius.hazel@gmail','(044)5525319307','Hazel Candelaria Escobar','Tipo de asesoría: Local. Fuente: http://rescatecdmx.org/','A','28/Septiembre/2017','',' '),(521,9,18,7,'Penal, civil, laboral, administrativo y fiscal','j_villena@hotmail.com','(044)5563001446','Julio César Villena Rey','Tipo de asesoría: Local y a distancia. Fuente: http://rescatecdmx.org/','A','28/Septiembre/2017','',' '),(570,15,126,7,'Civil, familiar, administrativo','gpe.tapia.crisanto@outlook.com','2147483647','Guadalupe Tapia Crisanto','Tipo de asesoría: Local. Fuente: http://rescatecdmx.org/','A','28/Septiembre/2017','',' '),(571,15,126,7,'Penal, Civil y Familiar.','sofival94@outlook.com','(044) 5541569983','García Valencia Erandy Sofía','Tipo de asesoría: Local. Fuente: http://rescatecdmx.org/','A','28/Septiembre/2017','',' '),(572,15,126,7,'Civil, familiar y meecantil.','Enne52311@hotmail.com','2147483647','Nelly Cristian Medina Gonzalez','Tipo de asesoría: Local. Fuente: http://rescatecdmx.org/','A','28/Septiembre/2017','',' '),(573,15,126,7,'Laboral y Civil','fac_der_unam@hotmail.com','null','Judith Gómez Olivos','Tipo de asesoría: Local. Fuente: http://rescatecdmx.org/','A','28/Septiembre/2017','',' '),(574,15,126,7,'Civil, familiar, penal','fernanda.pedraza08@hotmail.com','2147483647','Fernanda Pedraza Herrera','Tipo de asesoría: Local. Fuente: http://rescatecdmx.org/','A','28/Septiembre/2017','',' '),(575,15,126,7,'Penal','Dann_km@hotmail.com','2147483647','Karla daniela martinez hernandez','Tipo de asesoría: Local. Fuente: http://rescatecdmx.org/','A','28/Septiembre/2017','',' '),(576,15,126,7,'Civil y Penal','Vicpacheco@hotmail.com','044 5545042519','Lic. Victor Pacheco Espinosa','Tipo de asesoría: Local. Fuente: http://rescatecdmx.org/','A','28/Septiembre/2017','',' '),(577,15,126,7,'Civil, penal, familiar','luis4mz@gmail.com','0445539759875!','Luis Ángel Camarena Morales','Tipo de asesoría: Local. Fuente: http://rescatecdmx.org/','A','28/Septiembre/2017','',' '),(578,15,126,7,'Civil y Familiar','texagrand@gmail.com','2147483647','Luis Alonso García Martínez','Tipo de asesoría: Local. Fuente: http://rescatecdmx.org/','A','28/Septiembre/2017','',' '),(579,15,126,7,'CIVIL, FAMILIAR , SEGUROS, MERCANTIL, NOTARIAL','ortegasalinasj@gmail.com','2147483647','JONATHAN ORTEGA SALINAS','Tipo de asesoría: Local, A distancia. Fuente: http://rescatecdmx.org/','A','28/Septiembre/2017','',' '),(580,15,126,7,'Civil y familiar','normamiranda1105@gmail.com','null','Norma Angélica Miranda Galindo','Tipo de asesoría: Local. Fuente: http://rescatecdmx.org/','A','28/Septiembre/2017','',' '),(581,15,126,7,'Familiar, Civil, Administrativa (trámites ante Gobierno)','fernandoyasocs@gmail.com','null','Fernando Rodríguez Herrera','Tipo de asesoría: Local. Fuente: http://rescatecdmx.org/','A','28/Septiembre/2017','',' '),(582,15,126,7,'Civil, Familiar, Seguros y Notarial','jflores-sam@live.com.mx','2147483647','Juan Flores Morales','Tipo de asesoría: Local. Fuente: http://rescatecdmx.org/','A','28/Septiembre/2017','',' '),(583,15,126,7,'Civil, familiar, notarial ,y penal','eisaillpz@gmail.com','2147483647','López Garay Esail','Tipo de asesoría: Local. Fuente: http://rescatecdmx.org/','A','28/Septiembre/2017','',' '),(584,15,126,7,'Civil, familiar, laboral y penal','eisaillpz@gmail.com','2147483647','Eisail López Garay','Tipo de asesoría: Local. Fuente: http://rescatecdmx.org/','A','28/Septiembre/2017','',' '),(585,15,126,7,'Civil, Familiar, Notarial.','Fernando.fdbc@gmail.com','2147483647','Fernando David Blanco Calva','Tipo de asesoría: Local. Fuente: http://rescatecdmx.org/','A','28/Septiembre/2017','',' '),(586,15,126,7,'Penal, familiar y sucesorio','null','2147483647','Rosaura Fernanda Castillo López','Tipo de asesoría: Local, A distancia. Fuente: http://rescatecdmx.org/','A','28/Septiembre/2017','',' '),(587,15,126,7,'Penal','Jazmincastillo_cjf@hotmail.com','2147483647','María del Carmen jazmin castillo ramirez','Tipo de asesoría: Local. Fuente: http://rescatecdmx.org/','A','28/Septiembre/2017','',' '),(588,15,126,7,'Internacional','null','2147483647','Ariadna Yatziry Salgado Contreras','Tipo de asesoría: Local. Fuente: http://rescatecdmx.org/','A','28/Septiembre/2017','',' '),(589,15,126,7,'Civil, familiar, penal.','mg_miranda04@hotmail.com','2147483647','Melisa Giovanna Miranda Madrival','Tipo de asesoría: Local. Fuente: http://rescatecdmx.org/','A','28/Septiembre/2017','',' '),(590,15,126,7,'Notarial y familiar.','Mosaesme0406@hotmail.com','2147483647','Itzel Esmeralda Morales Sánchez','Tipo de asesoría: Local. Fuente: http://rescatecdmx.org/','A','28/Septiembre/2017','',' '),(591,15,126,7,'Familiar, Administrativo','Lic.jesus.diaz.01@gmail.com','(044)7227944456','Jesús Sergio Díaz Almazán','Tipo de asesoría: A distancia. Fuente: http://rescatecdmx.org/','A','28/Septiembre/2017','',' '),(592,15,126,7,'Civil, Familiar, Laboral','alfredius@gmail.com','2147483647','Juan Alfredo Carmona Cervantes','Tipo de asesoría: Local. Fuente: http://rescatecdmx.org/','A','28/Septiembre/2017','',' '),(593,15,126,7,'Laboral, Corporativo.','ortabogadosasociados@gmail.com','044 55 28614998','Criselda Ortega Marten','Tipo de asesoría: Local, A distancia. Fuente: http://rescatecdmx.org/','A','28/Septiembre/2017','',' '),(594,15,126,7,'Civil, Familiar, penal','miguelon8715@gmail.com','044-55-43-25-40-84','Miguel Angel Hernandez Enriquez','Tipo de asesoría: Local. Fuente: http://rescatecdmx.org/','A','28/Septiembre/2017','',' '),(595,15,126,7,'Civil, Familiar y Laboral','Victoraguilargasca@gmail.com','null','Víctor Aguilar Gasca','Tipo de asesoría: Local. Fuente: http://rescatecdmx.org/','A','28/Septiembre/2017','',' '),(596,15,126,7,'Civil,Familiar','david_orton1906@hotmail.com','2147483647','David Eduardo Sahagun Muñoz','Tipo de asesoría: Local. Fuente: http://rescatecdmx.org/','A','28/Septiembre/2017','',' '),(597,15,126,7,'Civil, familiar,penal','arturoespigar@hotmail.es','55 18150217','Arturo Espinal Garcia','Tipo de asesoría: Local. Fuente: http://rescatecdmx.org/','A','28/Septiembre/2017','',' '),(598,15,126,7,'Civil - Familiar','camachor.cyal@gmail.com','(044) 5560860650','Carlos Camacho Ramírez','Tipo de asesoría: Local, A distancia. Fuente: http://rescatecdmx.org/','A','28/Septiembre/2017','',' '),(599,15,126,7,'Familiar','abogadosalbarran12@gmail.com','null','Abogados Albarran','Tipo de asesoría: Local. Fuente: http://rescatecdmx.org/','A','28/Septiembre/2017','',' '),(600,15,126,7,'Familiar, civil y notarial','despacho_villegas@hitmail.com','2147483647','Nancy Alejandra Villegas flores','Tipo de asesoría: Local. Fuente: http://rescatecdmx.org/','A','28/Septiembre/2017','',' '),(601,15,126,7,'Civil, Familiar y Notarial','despacho_villegas@hotmail.com','044 55 38077328','Yanet Betanzos Perez','Tipo de asesoría: Local. Fuente: http://rescatecdmx.org/','A','28/Septiembre/2017','',' '),(602,15,126,7,'Civil, Familiar','lic_salazar78@yahoo.com.mx','null','Jennifer Salazar Ramirez','Tipo de asesoría: Local. Fuente: http://rescatecdmx.org/','A','28/Septiembre/2017','',' '),(603,15,126,7,'Familiar','Claudiajurado@prodigy.net.mx','2147483647','Claudia Jurado Sandoval','Tipo de asesoría: Local, A distancia. Fuente: http://rescatecdmx.org/','A','28/Septiembre/2017','',' '),(604,15,126,7,'Civil, seguros','laurathomemail@gmail.com','2147483647','Laura Thome','Tipo de asesoría: Local. Fuente: http://rescatecdmx.org/','A','28/Septiembre/2017','',' '),(605,15,126,7,'Civil, familiar, amparo, laboral','alecs_ac@hotmail.com','2147483647','Monica aparicio','Tipo de asesoría: Local. Fuente: http://rescatecdmx.org/','A','28/Septiembre/2017','',' '),(606,15,126,7,'CIVIL, FAMILIAR, SEGUROS, NOTARIAL, INMOBILIARIO','aalvarez0401@gmail.com','2147483647','ADRIANA ALVAREZ ROJAS','Tipo de asesoría: Local. Fuente: http://rescatecdmx.org/','A','28/Septiembre/2017','',' '),(607,15,126,7,'Civil y notarial','fernanda.ocampo07@gmail.com','(044)5543770193','María Fernanda Campo Ortiz','Tipo de asesoría: Local. Fuente: http://rescatecdmx.org/','A','28/Septiembre/2017','',' '),(608,15,126,7,'Familiar','cherry.maggie.uribe@gmail.com','(044)5527739863','Margarita Uribe Guzmán','Tipo de asesoría: A distancia. Fuente: http://rescatecdmx.org/','A','28/Septiembre/2017','',' '),(609,15,126,7,'Administrativo y fiscal','tchavez2012@hotmail.com','(044)5519207675','Tania Chávez','Tipo de asesoría: A distancia. Fuente: http://rescatecdmx.org/','A','28/Septiembre/2017','',' '),(610,15,126,7,'Civil y derechos humanos','Dani.san.mon07@gmail.com','(044)5585497866','Daniela Sánchez Monroy','Tipo de asesoría: A distancia. Fuente: http://rescatecdmx.org/','A','28/Septiembre/2017','',' '),(611,15,126,7,'Sucesiones, civil, familiar e inmobiliario','null','(044)5513365622','Consultoría RH Legal','Tipo de asesoría: Local. Fuente: http://rescatecdmx.org/','A','28/Septiembre/2017','',' '),(612,15,126,7,'Civil y familiar','oscar.delgado.lic@gmail.com','(044)5512789100','Oscar Delgado Piedracruz','Tipo de asesoría: Local. Fuente: http://rescatecdmx.org/','A','28/Septiembre/2017','',' '),(613,15,126,7,'Civil, familiar, registral y pensiones','almaguir@gmail.com','(044)5532649847','Alma Delia Aguirre Arcos','Tipo de asesoría: Local. Fuente: http://rescatecdmx.org/','A','28/Septiembre/2017','',' '),(614,15,126,7,'Administrativo y familiar','Consultoriavilchis@gmail.com','null','Aldo Horacio Vilchis Vazquez','Tipo de asesoría: Local. Fuente: http://rescatecdmx.org/','A','28/Septiembre/2017','',' '),(615,15,126,7,'Civil y familiar','ameloera@gmail.com','(044)5564169521','América Loera Pineda','Tipo de asesoría: Local. Fuente: http://rescatecdmx.org/','A','28/Septiembre/2017','',' '),(616,15,126,7,'Seguros, fiscal y laboral','luis.huerta.fesarg@gmail.com','(044)5536599531','Huerta Ramírez Luis Alberto','Tipo de asesoría: Local. Fuente: http://rescatecdmx.org/','A','28/Septiembre/2017','',' '),(617,15,126,7,'Familiar','lic.dann10@gmail.com','(044)5548841545','Elizabeth Daniela Mejía Barrera','Tipo de asesoría: Local. Fuente: http://rescatecdmx.org/','A','28/Septiembre/2017','',' ');
/*!40000 ALTER TABLE `lugares` ENABLE KEYS */;
UNLOCK TABLES;

--
-- Table structure for table `mensaje`
--

DROP TABLE IF EXISTS `mensaje`;
/*!40101 SET @saved_cs_client     = @@character_set_client */;
/*!40101 SET character_set_client = utf8 */;
CREATE TABLE `mensaje` (
  `id_mensaje` int(11) NOT NULL AUTO_INCREMENT,
  `descripcion` varchar(45) DEFAULT NULL,
  PRIMARY KEY (`id_mensaje`)
) ENGINE=InnoDB DEFAULT CHARSET=utf8;
/*!40101 SET character_set_client = @saved_cs_client */;

--
-- Dumping data for table `mensaje`
--

LOCK TABLES `mensaje` WRITE;
/*!40000 ALTER TABLE `mensaje` DISABLE KEYS */;
/*!40000 ALTER TABLE `mensaje` ENABLE KEYS */;
UNLOCK TABLES;

--
-- Table structure for table `municipio`
--

DROP TABLE IF EXISTS `municipio`;
/*!40101 SET @saved_cs_client     = @@character_set_client */;
/*!40101 SET character_set_client = utf8 */;
CREATE TABLE `municipio` (
  `cve_ent` varchar(2) DEFAULT NULL,
  `cve_mun` int(11) DEFAULT NULL,
  `nom_mun` varchar(255) DEFAULT NULL,
  `cve_cab` varchar(45) DEFAULT NULL,
  `nom_cab` varchar(255) DEFAULT NULL,
  `num_reg` int(4) DEFAULT NULL
) ENGINE=InnoDB DEFAULT CHARSET=latin1;
/*!40101 SET character_set_client = @saved_cs_client */;

--
-- Dumping data for table `municipio`
--

LOCK TABLES `municipio` WRITE;
/*!40000 ALTER TABLE `municipio` DISABLE KEYS */;
INSERT INTO `municipio` VALUES ('01',1,'Aguascalientes','0001','Aguascalientes',-3),('01',2,'Asientos','0001','Asientos',0),('01',3,'Calvillo','0001','Calvillo',0),('01',4,'Cosío','0001','Cosío',0),('01',5,'Jesús María','0001','Jesús María',0),('01',6,'Pabellón de Arteaga','0001','Pabellón de Arteaga',0),('01',7,'Rincón de Romos','0001','Rincón de Romos',0),('01',8,'San José de Gracia','0001','San José de Gracia',0),('01',9,'Tepezalá','0001','Tepezalá',0),('01',10,'El Llano','0001','Palo Alto',0),('01',11,'San Francisco de los Romo','0001','San Francisco de los Romo',0),('02',1,'Ensenada','0001','Ensenada',0),('02',2,'Mexicali','0001','Mexicali',0),('02',3,'Tecate','0001','Tecate',0),('02',4,'Tijuana','0001','Tijuana',0),('02',5,'Playas de Rosarito','0001','Playas de Rosarito',0),('03',1,'Comondú','0001','Ciudad Constitución',0),('03',2,'Mulegé','0001','Santa Rosalía',0),('03',3,'La Paz','0001','La Paz',0),('03',8,'Los Cabos','0001','San José del Cabo',0),('03',9,'Loreto','0001','Loreto',0),('04',1,'Calkiní','0001','Calkiní',0),('04',2,'Campeche','0001','San Francisco de Campeche',0),('04',3,'Carmen','0001','Ciudad del Carmen',0),('04',4,'Champotón','0001','Champotón',0),('04',5,'Hecelchakán','0001','Hecelchakán',0),('04',6,'Hopelchén','0001','Hopelchén',0),('04',7,'Palizada','0001','Palizada',0),('04',8,'Tenabo','0001','Tenabo',0),('04',9,'Escárcega','0001','Escárcega',0),('04',10,'Calakmul','0001','Xpujil',0),('04',11,'Candelaria','0001','Candelaria',0),('05',1,'Abasolo','0001','Abasolo',0),('05',2,'Acuña','0001','Ciudad Acuña',0),('05',3,'Allende','0001','Allende',0),('05',4,'Arteaga','0001','Arteaga',0),('05',5,'Candela','0001','Candela',0),('05',6,'Castaños','0001','Castaños',0),('05',7,'Cuatro Ciénegas','0001','Cuatro Ciénegas de Carranza',0),('05',8,'Escobedo','0001','Escobedo',0),('05',9,'Francisco I. Madero','0001','Francisco I. Madero (Chávez)',0),('05',10,'Frontera','0001','Frontera',0),('05',11,'General Cepeda','0001','General Cepeda',0),('05',12,'Guerrero','0001','Guerrero',0),('05',13,'Hidalgo','0001','Hidalgo',0),('05',14,'Jiménez','0001','Jiménez',0),('05',15,'Juárez','0001','Juárez',0),('05',16,'Lamadrid','0001','Lamadrid',0),('05',17,'Matamoros','0001','Matamoros',0),('05',18,'Monclova','0001','Monclova',0),('05',19,'Morelos','0001','Morelos',0),('05',20,'Múzquiz','0001','Ciudad Melchor Múzquiz',0),('05',21,'Nadadores','0001','Nadadores',0),('05',22,'Nava','0001','Nava',0),('05',23,'Ocampo','0001','Ocampo',0),('05',24,'Parras','0001','Parras de la Fuente',0),('05',25,'Piedras Negras','0001','Piedras Negras',0),('05',26,'Progreso','0001','Progreso',0),('05',27,'Ramos Arizpe','0001','Ramos Arizpe',0),('05',28,'Sabinas','0001','Sabinas',0),('05',29,'Sacramento','0001','Sacramento',0),('05',30,'Saltillo','0001','Saltillo',2),('05',31,'San Buenaventura','0001','San Buenaventura',0),('05',32,'San Juan de Sabinas','0014','Nueva Rosita',0),('05',33,'San Pedro','0001','San Pedro',0),('05',34,'Sierra Mojada','0001','Sierra Mojada',0),('05',35,'Torreón','0001','Torreón',0),('05',36,'Viesca','0001','Viesca',0),('05',37,'Villa Unión','0001','Villa Unión',0),('05',38,'Zaragoza','0001','Zaragoza',0),('06',1,'Armería','0001','Ciudad de Armería',0),('06',2,'Colima','0001','Colima',0),('06',3,'Comala','0001','Comala',0),('06',4,'Coquimatlán','0001','Coquimatlán',0),('06',5,'Cuauhtémoc','0001','Cuauhtémoc',0),('06',6,'Ixtlahuacán','0001','Ixtlahuacán',0),('06',7,'Manzanillo','0001','Manzanillo',0),('06',8,'Minatitlán','0001','Minatitlán',0),('06',9,'Tecomán','0001','Tecomán',0),('06',10,'Villa de Álvarez','0001','Ciudad de Villa de Álvarez',0),('07',1,'Acacoyagua','0001','Acacoyagua',0),('07',2,'Acala','0001','Acala',0),('07',3,'Acapetahua','0001','Acapetahua',0),('07',4,'Altamirano','0001','Altamirano',0),('07',5,'Amatán','0001','Amatán',0),('07',6,'Amatenango de la Frontera','0001','Amatenango de la Frontera',0),('07',7,'Amatenango del Valle','0001','Amatenango del Valle',0),('07',8,'Angel Albino Corzo','0001','Jaltenango de la Paz (Angel Albino Corzo)',0),('07',9,'Arriaga','0001','Arriaga',0),('07',10,'Bejucal de Ocampo','0001','Bejucal de Ocampo',0),('07',11,'Bella Vista','0001','Bella Vista',0),('07',12,'Berriozábal','0001','Berriozábal',0),('07',13,'Bochil','0001','Bochil',-1),('07',14,'El Bosque','0001','El Bosque',0),('07',15,'Cacahoatán','0001','Cacahoatán',0),('07',16,'Catazajá','0001','Catazajá',0),('07',17,'Cintalapa','0001','Cintalapa de Figueroa',0),('07',18,'Coapilla','0001','Coapilla',0),('07',19,'Comitán de Domínguez','0001','Comitán de Domínguez',0),('07',20,'La Concordia','0001','La Concordia',0),('07',21,'Copainalá','0001','Copainalá',0),('07',22,'Chalchihuitán','0001','Chalchihuitán',0),('07',23,'Chamula','0001','Chamula',0),('07',24,'Chanal','0001','Chanal',0),('07',25,'Chapultenango','0001','Chapultenango',0),('07',26,'Chenalhó','0001','Chenalhó',0),('07',27,'Chiapa de Corzo','0001','Chiapa de Corzo',0),('07',28,'Chiapilla','0001','Chiapilla',0),('07',29,'Chicoasén','0001','Chicoasén',0),('07',30,'Chicomuselo','0001','Chicomuselo',0),('07',31,'Chilón','0001','Chilón',0),('07',32,'Escuintla','0001','Escuintla',0),('07',33,'Francisco León','0042','Rivera el Viejo Carmen',0),('07',34,'Frontera Comalapa','0001','Frontera Comalapa',0),('07',35,'Frontera Hidalgo','0001','Frontera Hidalgo',0),('07',36,'La Grandeza','0001','La Grandeza',0),('07',37,'Huehuetán','0001','Huehuetán',0),('07',38,'Huixtán','0001','Huixtán',0),('07',39,'Huitiupán','0001','Huitiupán',0),('07',40,'Huixtla','0001','Huixtla',0),('07',41,'La Independencia','0001','La Independencia',0),('07',42,'Ixhuatán','0001','Ixhuatán',0),('07',43,'Ixtacomitán','0001','Ixtacomitán',0),('07',44,'Ixtapa','0001','Ixtapa',0),('07',45,'Ixtapangajoya','0001','Ixtapangajoya',0),('07',46,'Jiquipilas','0001','Jiquipilas',0),('07',47,'Jitotol','0001','Jitotol',0),('07',48,'Juárez','0001','Juárez',0),('07',49,'Larráinzar','0001','Larráinzar',0),('07',50,'La Libertad','0001','La Libertad',0),('07',51,'Mapastepec','0001','Mapastepec',0),('07',52,'Las Margaritas','0001','Las Margaritas',0),('07',53,'Mazapa de Madero','0001','Mazapa de Madero',0),('07',54,'Mazatán','0001','Mazatán',0),('07',55,'Metapa','0001','Metapa de Domínguez',0),('07',56,'Mitontic','0001','Mitontic',0),('07',57,'Motozintla','0001','Motozintla de Mendoza',0),('07',58,'Nicolás Ruíz','0001','Nicolás Ruíz',0),('07',59,'Ocosingo','0001','Ocosingo',0),('07',60,'Ocotepec','0001','Ocotepec',0),('07',61,'Ocozocoautla de Espinosa','0001','Ocozocoautla de Espinosa',0),('07',62,'Ostuacán','0001','Ostuacán',0),('07',63,'Osumacinta','0001','Osumacinta',0),('07',64,'Oxchuc','0001','Oxchuc',0),('07',65,'Palenque','0001','Palenque',0),('07',66,'Pantelhó','0001','Pantelhó',0),('07',67,'Pantepec','0001','Pantepec',0),('07',68,'Pichucalco','0001','Pichucalco',0),('07',69,'Pijijiapan','0001','Pijijiapan',0),('07',70,'El Porvenir','0001','El Porvenir de Velasco Suárez',0),('07',71,'Villa Comaltitlán','0001','Villa Comaltitlán',0),('07',72,'Pueblo Nuevo Solistahuacán','0001','Pueblo Nuevo Solistahuacán',0),('07',73,'Rayón','0001','Rayón',0),('07',74,'Reforma','0001','Reforma',0),('07',75,'Las Rosas','0001','Las Rosas',0),('07',76,'Sabanilla','0001','Sabanilla',0),('07',77,'Salto de Agua','0001','Salto de Agua',0),('07',78,'San Cristóbal de las Casas','0001','San Cristóbal de las Casas',0),('07',79,'San Fernando','0001','San Fernando',0),('07',80,'Siltepec','0001','Siltepec',0),('07',81,'Simojovel','0001','Simojovel de Allende',0),('07',82,'Sitalá','0001','Sitalá',0),('07',83,'Socoltenango','0001','Socoltenango',0),('07',84,'Solosuchiapa','0001','Solosuchiapa',0),('07',85,'Soyaló','0001','Soyaló',0),('07',86,'Suchiapa','0001','Suchiapa',0),('07',87,'Suchiate','0001','Ciudad Hidalgo',0),('07',88,'Sunuapa','0001','Sunuapa',0),('07',89,'Tapachula','0001','Tapachula de Córdova y Ordóñez',0),('07',90,'Tapalapa','0001','Tapalapa',0),('07',91,'Tapilula','0001','Tapilula',0),('07',92,'Tecpatán','0001','Tecpatán',0),('07',93,'Tenejapa','0001','Tenejapa',0),('07',94,'Teopisca','0001','Teopisca',0),('07',96,'Tila','0001','Tila',0),('07',97,'Tonalá','0001','Tonalá',0),('07',98,'Totolapa','0001','Totolapa',0),('07',99,'La Trinitaria','0001','La Trinitaria',0),('07',100,'Tumbalá','0001','Tumbalá',0),('07',101,'Tuxtla Gutiérrez','0001','Tuxtla Gutiérrez',0),('07',102,'Tuxtla Chico','0001','Tuxtla Chico',0),('07',103,'Tuzantán','0001','Tuzantán',0),('07',104,'Tzimol','0001','Tzimol',0),('07',105,'Unión Juárez','0001','Unión Juárez',0),('07',106,'Venustiano Carranza','0001','Venustiano Carranza',0),('07',107,'Villa Corzo','0001','Villa Corzo',0),('07',108,'Villaflores','0001','Villaflores',0),('07',109,'Yajalón','0001','Yajalón',0),('07',110,'San Lucas','0001','San Lucas',0),('07',111,'Zinacantán','0001','Zinacantán',0),('07',112,'San Juan Cancuc','0001','San Juan Cancuc',0),('07',113,'Aldama','0001','Aldama',0),('07',114,'Benemérito de las Américas','0001','Benemérito de las Américas',0),('07',115,'Maravilla Tenejapa','0001','Maravilla Tenejapa',0),('07',116,'Marqués de Comillas','0001','Zamora Pico de Oro',0),('07',117,'Montecristo de Guerrero','0001','Montecristo de Guerrero',0),('07',118,'San Andrés Duraznal','0001','San Andrés Duraznal',0),('07',119,'Santiago el Pinar','0001','Santiago el Pinar',0),('08',1,'Ahumada','0001','Miguel Ahumada',0),('08',2,'Aldama','0001','Juan Aldama',0),('08',3,'Allende','0001','Valle de Ignacio Allende',0),('08',4,'Aquiles Serdán','0001','Santa Eulalia',0),('08',5,'Ascensión','0001','Ascensión',0),('08',6,'Bachíniva','0001','Bachíniva',0),('08',7,'Balleza','0001','Mariano Balleza',0),('08',8,'Batopilas','0001','Batopilas',0),('08',9,'Bocoyna','0001','Bocoyna',0),('08',10,'Buenaventura','0001','San Buenaventura',0),('08',11,'Camargo','0001','Santa Rosalía de Camargo',0),('08',12,'Carichí','0001','Carichí',0),('08',13,'Casas Grandes','0001','Casas Grandes',0),('08',14,'Coronado','0001','José Esteban Coronado',0),('08',15,'Coyame del Sotol','0001','Santiago de Coyame',0),('08',16,'La Cruz','0001','La Cruz',0),('08',17,'Cuauhtémoc','0001','Cuauhtémoc',0),('08',18,'Cusihuiriachi','0001','Cusihuiriachi',0),('08',19,'Chihuahua','0001','Chihuahua',0),('08',20,'Chínipas','0001','Chínipas de Almada',0),('08',21,'Delicias','0001','Delicias',0),('08',22,'Dr. Belisario Domínguez','0001','San Lorenzo',0),('08',23,'Galeana','0001','Hermenegildo Galeana',0),('08',24,'Santa Isabel','0001','Santa Isabel',0),('08',25,'Gómez Farías','0001','Valentín Gómez Farías',0),('08',26,'Gran Morelos','0001','San Nicolás de Carretas',0),('08',27,'Guachochi','0001','Guachochi',0),('08',28,'Guadalupe','0001','Guadalupe',0),('08',29,'Guadalupe y Calvo','0001','Guadalupe y Calvo',0),('08',30,'Guazapares','0001','Témoris',0),('08',31,'Guerrero','0001','Vicente Guerrero',0),('08',32,'Hidalgo del Parral','0001','Hidalgo del Parral',0),('08',33,'Huejotitán','0001','Huejotitán',0),('08',34,'Ignacio Zaragoza','0001','Ignacio Zaragoza',0),('08',35,'Janos','0001','Janos',0),('08',36,'Jiménez','0001','José Mariano Jiménez',0),('08',37,'Juárez','0001','Juárez',0),('08',38,'Julimes','0001','Julimes',0),('08',39,'López','0001','Octaviano López',0),('08',40,'Madera','0001','Madera',0),('08',41,'Maguarichi','0001','Maguarichi',0),('08',42,'Manuel Benavides','0001','Manuel Benavides',0),('08',43,'Matachí','0001','Matachí',0),('08',44,'Matamoros','0001','Mariano Matamoros',0),('08',45,'Meoqui','0001','Pedro Meoqui',0),('08',46,'Morelos','0001','Morelos',0),('08',47,'Moris','0001','Moris',0),('08',48,'Namiquipa','0001','Namiquipa',0),('08',49,'Nonoava','0001','Nonoava',0),('08',50,'Nuevo Casas Grandes','0001','Nuevo Casas Grandes',0),('08',51,'Ocampo','0001','Melchor Ocampo',0),('08',52,'Ojinaga','0001','Manuel Ojinaga',0),('08',53,'Praxedis G. Guerrero','0001','Praxedis G. Guerrero',0),('08',54,'Riva Palacio','0001','San Andrés',0),('08',55,'Rosales','0001','Santa Cruz de Rosales',0),('08',56,'Rosario','0001','Valle del Rosario',0),('08',57,'San Francisco de Borja','0001','San Francisco de Borja',0),('08',58,'San Francisco de Conchos','0001','San Francisco de Conchos',0),('08',59,'San Francisco del Oro','0001','San Francisco del Oro',0),('08',60,'Santa Bárbara','0001','Santa Bárbara',0),('08',61,'Satevó','0001','San Francisco Javier de Satevó',0),('08',62,'Saucillo','0001','Saucillo',0),('08',63,'Temósachic','0001','Temósachic',0),('08',64,'El Tule','0001','El Tule',0),('08',65,'Urique','0001','Urique',0),('08',66,'Uruachi','0001','Uruachi',0),('08',67,'Valle de Zaragoza','0001','Valle de Zaragoza',0),('09',2,'Azcapotzalco','----','',2),('09',3,'Coyoacán','----','',1),('09',4,'Cuajimalpa de Morelos','----','',0),('09',5,'Gustavo A. Madero','----','',1),('09',6,'Iztacalco','----','',0),('09',7,'Iztapalapa','----','',2),('09',8,'La Magdalena Contreras','----','',0),('09',9,'Milpa Alta','----','',0),('09',10,'Álvaro Obregón','----','',2),('09',11,'Tláhuac','----','',0),('09',12,'Tlalpan','----','',2),('09',13,'Xochimilco','----','',0),('09',14,'Benito Juárez','----','',5),('09',15,'Cuauhtémoc','----','',3),('09',16,'Miguel Hidalgo','----','',0),('09',17,'Venustiano Carranza','----','',0),('10',1,'Canatlán','0001','Canatlán',0),('10',2,'Canelas','0001','Canelas',0),('10',3,'Coneto de Comonfort','0001','Coneto de Comonfort',0),('10',4,'Cuencamé','0001','Cuencamé de Ceniceros',0),('10',5,'Durango','0001','Victoria de Durango',0),('10',6,'General Simón Bolívar','0001','General Simón Bolívar',0),('10',7,'Gómez Palacio','0001','Gómez Palacio',0),('10',8,'Guadalupe Victoria','0001','Guadalupe Victoria',0),('10',9,'Guanaceví','0001','Guanaceví',0),('10',10,'Hidalgo','0001','Villa Hidalgo',0),('10',11,'Indé','0001','Indé',0),('10',12,'Lerdo','0001','Lerdo',0),('10',13,'Mapimí','0001','Mapimí',0),('10',14,'Mezquital','0001','San Francisco del Mezquital',0),('10',15,'Nazas','0001','Nazas',0),('10',16,'Nombre de Dios','0001','Nombre de Dios',0),('10',17,'Ocampo','0001','Villa Ocampo',0),('10',18,'El Oro','0001','Santa María del Oro',0),('10',19,'Otáez','0001','Otáez',0),('10',20,'Pánuco de Coronado','0001','Francisco I. Madero',0),('10',21,'Peñón Blanco','0001','Peñón Blanco',0),('10',22,'Poanas','0001','Villa Unión',0),('10',23,'Pueblo Nuevo','0001','El Salto',0),('10',24,'Rodeo','0001','Rodeo',0),('10',25,'San Bernardo','0001','San Bernardo',0),('10',26,'San Dimas','0001','Tayoltita',0),('10',27,'San Juan de Guadalupe','0001','San Juan de Guadalupe',0),('10',28,'San Juan del Río','0001','San Juan del Río del Centauro del Norte',0),('10',29,'San Luis del Cordero','0001','San Luis del Cordero',0),('10',30,'San Pedro del Gallo','0001','San Pedro del Gallo',0),('10',31,'Santa Clara','0001','Santa Clara',0),('10',32,'Santiago Papasquiaro','0001','Santiago Papasquiaro',0),('10',33,'Súchil','0001','Súchil',0),('10',34,'Tamazula','0001','Tamazula de Victoria',0),('10',35,'Tepehuanes','0001','Santa Catarina de Tepehuanes',0),('10',36,'Tlahualilo','0001','Tlahualilo de Zaragoza',0),('10',37,'Topia','0001','Topia',0),('10',38,'Vicente Guerrero','0001','Vicente Guerrero',0),('10',39,'Nuevo Ideal','0001','Nuevo Ideal',0),('11',1,'Abasolo','0001','Abasolo',0),('11',2,'Acámbaro','0001','Acámbaro',0),('11',3,'San Miguel de Allende','0001','San Miguel de Allende',1),('11',4,'Apaseo el Alto','0001','Apaseo el Alto',0),('11',5,'Apaseo el Grande','0001','Apaseo el Grande',0),('11',6,'Atarjea','0001','Atarjea',0),('11',7,'Celaya','0001','Celaya',0),('11',8,'Manuel Doblado','0001','Ciudad Manuel Doblado',0),('11',9,'Comonfort','0001','Comonfort',0),('11',10,'Coroneo','0001','Coroneo',0),('11',11,'Cortazar','0001','Cortazar',0),('11',12,'Cuerámaro','0001','Cuerámaro',0),('11',13,'Doctor Mora','0001','Doctor Mora',0),('11',14,'Dolores Hidalgo Cuna de la Independencia Nacional','0001','Dolores Hidalgo Cuna de la Independencia Nacional',0),('11',15,'Guanajuato','0001','Guanajuato',0),('11',16,'Huanímaro','0001','Huanímaro',0),('11',17,'Irapuato','0001','Irapuato',0),('11',18,'Jaral del Progreso','0001','Jaral del Progreso',0),('11',19,'Jerécuaro','0001','Jerécuaro',0),('11',20,'León','0001','León de los Aldama',0),('11',21,'Moroleón','0001','Moroleón',0),('11',22,'Ocampo','0001','Ocampo',0),('11',23,'Pénjamo','0001','Pénjamo',0),('11',24,'Pueblo Nuevo','0001','Pueblo Nuevo',0),('11',25,'Purísima del Rincón','0001','Purísima de Bustos',0),('11',26,'Romita','0001','Romita',0),('11',27,'Salamanca','0001','Salamanca',0),('11',28,'Salvatierra','0001','Salvatierra',1),('11',29,'San Diego de la Unión','0001','San Diego de la Unión',0),('11',30,'San Felipe','0001','San Felipe',0),('11',31,'San Francisco del Rincón','0001','San Francisco del Rincón',0),('11',32,'San José Iturbide','0001','San José Iturbide',0),('11',33,'San Luis de la Paz','0001','San Luis de la Paz',0),('11',34,'Santa Catarina','0001','Santa Catarina',0),('11',35,'Santa Cruz de Juventino Rosas','0001','Juventino Rosas',0),('11',36,'Santiago Maravatío','0001','Santiago Maravatío',0),('11',37,'Silao de la Victoria','0001','Silao de la Victoria',0),('11',38,'Tarandacuao','0001','Tarandacuao',0),('11',39,'Tarimoro','0001','Tarimoro',0),('11',40,'Tierra Blanca','0001','Tierra Blanca',0),('11',41,'Uriangato','0001','Uriangato',0),('11',42,'Valle de Santiago','0001','Valle de Santiago',0),('11',43,'Victoria','0001','Victoria',0),('11',44,'Villagrán','0001','Villagrán',0),('11',45,'Xichú','0001','Xichú',0),('11',46,'Yuriria','0001','Yuriria',0),('12',1,'Acapulco de Juárez','0001','Acapulco de Juárez',0),('12',2,'Ahuacuotzingo','0001','Ahuacuotzingo',0),('12',3,'Ajuchitlán del Progreso','0001','Ajuchitlán del Progreso',0),('12',4,'Alcozauca de Guerrero','0001','Alcozauca de Guerrero',0),('12',5,'Alpoyeca','0001','Alpoyeca',0),('12',6,'Apaxtla','0001','Ciudad Apaxtla de Castrejón',0),('12',7,'Arcelia','0001','Arcelia',0),('12',8,'Atenango del Río','0001','Atenango del Río',0),('12',9,'Atlamajalcingo del Monte','0001','Atlamajalcingo del Monte',0),('12',10,'Atlixtac','0001','Atlixtac',0),('12',11,'Atoyac de Álvarez','0001','Atoyac de Álvarez',0),('12',12,'Ayutla de los Libres','0001','Ayutla de los Libres',0),('12',13,'Azoyú','0001','Azoyú',0),('12',14,'Benito Juárez','0001','San Jerónimo de Juárez',0),('12',15,'Buenavista de Cuéllar','0001','Buenavista de Cuéllar',0),('12',16,'Coahuayutla de José María Izazaga','0001','Coahuayutla de Guerrero',0),('12',17,'Cocula','0001','Cocula',0),('12',18,'Copala','0001','Copala',0),('12',19,'Copalillo','0001','Copalillo',0),('12',20,'Copanatoyac','0001','Copanatoyac',0),('12',21,'Coyuca de Benítez','0001','Coyuca de Benítez',0),('12',22,'Coyuca de Catalán','0001','Coyuca de Catalán',0),('12',23,'Cuajinicuilapa','0001','Cuajinicuilapa',0),('12',24,'Cualác','0001','Cualác',0),('12',25,'Cuautepec','0001','Cuautepec',0),('12',26,'Cuetzala del Progreso','0001','Cuetzala del Progreso',0),('12',27,'Cutzamala de Pinzón','0001','Cutzamala de Pinzón',0),('12',28,'Chilapa de Álvarez','0001','Chilapa de Álvarez',0),('12',29,'Chilpancingo de los Bravo','0001','Chilpancingo de los Bravo',0),('12',30,'Florencio Villarreal','0001','Cruz Grande',0),('12',31,'General Canuto A. Neri','0001','Acapetlahuaya',0),('12',32,'General Heliodoro Castillo','0001','Tlacotepec',0),('12',33,'Huamuxtitlán','0001','Huamuxtitlán',0),('12',34,'Huitzuco de los Figueroa','0001','Ciudad de Huitzuco',0),('12',35,'Iguala de la Independencia','0001','Iguala de la Independencia',0),('12',36,'Igualapa','0001','Igualapa',0),('12',37,'Ixcateopan de Cuauhtémoc','0001','Ixcateopan de Cuauhtémoc',0),('12',38,'Zihuatanejo de Azueta','0001','Zihuatanejo',0),('12',39,'Juan R. Escudero','0001','Tierra Colorada',0),('12',40,'Leonardo Bravo','0001','Chichihualco',0),('12',41,'Malinaltepec','0001','Malinaltepec',0),('12',42,'Mártir de Cuilapan','0001','Apango',0),('12',43,'Metlatónoc','0001','Metlatónoc',0),('12',44,'Mochitlán','0001','Mochitlán',0),('12',45,'Olinalá','0001','Olinalá',0),('12',46,'Ometepec','0001','Ometepec',0),('12',47,'Pedro Ascencio Alquisiras','0001','Ixcapuzalco',0),('12',48,'Petatlán','0001','Petatlán',0),('12',49,'Pilcaya','0001','Pilcaya',0),('12',50,'Pungarabato','0001','Ciudad Altamirano',0),('12',51,'Quechultenango','0001','Quechultenango',0),('12',52,'San Luis Acatlán','0001','San Luis Acatlán',0),('12',53,'San Marcos','0001','San Marcos',0),('12',54,'San Miguel Totolapan','0001','San Miguel Totolapan',0),('12',55,'Taxco de Alarcón','0001','Taxco de Alarcón',0),('12',56,'Tecoanapa','0001','Tecoanapa',0),('12',57,'Técpan de Galeana','0001','Técpan de Galeana',0),('12',58,'Teloloapan','0001','Teloloapan',0),('12',59,'Tepecoacuilco de Trujano','0001','Tepecoacuilco de Trujano',0),('12',60,'Tetipac','0001','Tetipac',0),('12',61,'Tixtla de Guerrero','0001','Tixtla de Guerrero',0),('12',62,'Tlacoachistlahuaca','0001','Tlacoachistlahuaca',0),('12',63,'Tlacoapa','0001','Tlacoapa',0),('12',64,'Tlalchapa','0001','Tlalchapa',0),('12',65,'Tlalixtaquilla de Maldonado','0001','Tlalixtaquilla',0),('12',66,'Tlapa de Comonfort','0001','Tlapa de Comonfort',0),('12',67,'Tlapehuala','0001','Tlapehuala',0),('12',68,'La Unión de Isidoro Montes de Oca','0001','La Unión',0),('12',69,'Xalpatláhuac','0001','Xalpatláhuac',0),('12',70,'Xochihuehuetlán','0001','Xochihuehuetlán',0),('12',71,'Xochistlahuaca','0001','Xochistlahuaca',0),('12',72,'Zapotitlán Tablas','0001','Zapotitlán Tablas',0),('12',73,'Zirándaro','0001','Zirándaro de los Chávez',0),('12',74,'Zitlala','0001','Zitlala',0),('12',75,'Eduardo Neri','0001','Zumpango del Río',0),('12',76,'Acatepec','0001','Acatepec',0),('12',77,'Marquelia','0001','Marquelia',0),('12',78,'Cochoapa el Grande','0001','Cochoapa el Grande',0),('12',79,'José Joaquín de Herrera','0001','Hueycantenango',0),('12',80,'Juchitán','0001','Juchitán',0),('12',81,'Iliatenco','0001','Iliatenco',0),('13',1,'Acatlán','0001','Acatlán',0),('13',2,'Acaxochitlán','0001','Acaxochitlán',0),('13',3,'Actopan','0001','Actopan',0),('13',4,'Agua Blanca de Iturbide','0001','Agua Blanca Iturbide',0),('13',5,'Ajacuba','0001','Ajacuba',0),('13',6,'Alfajayucan','0001','Alfajayucan',0),('13',7,'Almoloya','0001','Almoloya',0),('13',8,'Apan','0001','Apan',0),('13',9,'El Arenal','0001','El Arenal',0),('13',10,'Atitalaquia','0001','Atitalaquia',0),('13',11,'Atlapexco','0001','Atlapexco',0),('13',12,'Atotonilco el Grande','0001','Atotonilco el Grande',0),('13',13,'Atotonilco de Tula','0001','Atotonilco de Tula',0),('13',14,'Calnali','0001','Calnali',0),('13',15,'Cardonal','0001','Cardonal',0),('13',16,'Cuautepec de Hinojosa','0001','Cuautepec de Hinojosa',0),('13',17,'Chapantongo','0001','Chapantongo',0),('13',18,'Chapulhuacán','0001','Chapulhuacán',0),('13',19,'Chilcuautla','0001','Chilcuautla',0),('13',20,'Eloxochitlán','0001','Eloxochitlán',0),('13',21,'Emiliano Zapata','0001','Emiliano Zapata',0),('13',22,'Epazoyucan','0001','Epazoyucan',0),('13',23,'Francisco I. Madero','0001','Tepatepec',0),('13',24,'Huasca de Ocampo','0001','Huasca de Ocampo',0),('13',25,'Huautla','0001','Huautla',0),('13',26,'Huazalingo','0001','Huazalingo',0),('13',27,'Huehuetla','0001','Huehuetla',0),('13',28,'Huejutla de Reyes','0001','Huejutla de Reyes',0),('13',29,'Huichapan','0001','Huichapan',0),('13',30,'Ixmiquilpan','0001','Ixmiquilpan',0),('13',31,'Jacala de Ledezma','0001','Jacala',0),('13',32,'Jaltocán','0001','Jaltocán',0),('13',33,'Juárez Hidalgo','0001','Juárez',0),('13',34,'Lolotla','0001','Lolotla',0),('13',35,'Metepec','0001','Metepec',0),('13',36,'San Agustín Metzquititlán','0001','Mezquititlán',0),('13',37,'Metztitlán','0001','Metztitlán',0),('13',38,'Mineral del Chico','0001','Mineral del Chico',0),('13',39,'Mineral del Monte','0001','Mineral del Monte',0),('13',40,'La Misión','0001','La Misión',0),('13',41,'Mixquiahuala de Juárez','0001','Mixquiahuala',0),('13',42,'Molango de Escamilla','0001','Molango',0),('13',43,'Nicolás Flores','0001','Nicolás Flores',0),('13',44,'Nopala de Villagrán','0001','Nopala',0),('13',45,'Omitlán de Juárez','0001','Omitlán de Juárez',0),('13',46,'San Felipe Orizatlán','0001','Orizatlán',0),('13',47,'Pacula','0001','Pacula',0),('13',48,'Pachuca de Soto','0001','Pachuca de Soto',0),('13',49,'Pisaflores','0001','Pisaflores',0),('13',50,'Progreso de Obregón','0001','Progreso',0),('13',51,'Mineral de la Reforma','0001','Pachuquilla',0),('13',52,'San Agustín Tlaxiaca','0001','San Agustín Tlaxiaca',0),('13',53,'San Bartolo Tutotepec','0001','San Bartolo Tutotepec',0),('13',54,'San Salvador','0001','San Salvador',0),('13',55,'Santiago de Anaya','0001','Santiago de Anaya',0),('13',56,'Santiago Tulantepec de Lugo Guerrero','0001','Santiago Tulantepec',0),('13',57,'Singuilucan','0001','Singuilucan',0),('13',58,'Tasquillo','0001','Tasquillo',0),('13',59,'Tecozautla','0001','Tecozautla',0),('13',60,'Tenango de Doria','0001','Tenango de Doria',0),('13',61,'Tepeapulco','0001','Tepeapulco',0),('13',62,'Tepehuacán de Guerrero','0001','Tepehuacán de Guerrero',0),('13',63,'Tepeji del Río de Ocampo','0001','Tepeji del Río de Ocampo',0),('13',64,'Tepetitlán','0001','Tepetitlán',0),('13',65,'Tetepango','0001','Tetepango',0),('13',66,'Villa de Tezontepec','0001','Tezontepec',0),('13',67,'Tezontepec de Aldama','0001','Tezontepec de Aldama',0),('13',68,'Tianguistengo','0001','Tianguistengo',0),('13',69,'Tizayuca','0001','Tizayuca',0),('13',70,'Tlahuelilpan','0001','Tlahuelilpan',0),('13',71,'Tlahuiltepa','0001','Tlahuiltepa',0),('13',72,'Tlanalapa','0001','Tlanalapa',0),('13',73,'Tlanchinol','0001','Tlanchinol',0),('13',74,'Tlaxcoapan','0001','Tlaxcoapan',0),('13',75,'Tolcayuca','0001','Tolcayuca',0),('13',76,'Tula de Allende','0001','Tula de Allende',0),('13',77,'Tulancingo de Bravo','0001','Tulancingo',0),('13',78,'Xochiatipan','0001','Xochiatipan',0),('13',79,'Xochicoatlán','0001','Xochicoatlán',0),('13',80,'Yahualica','0001','Yahualica',0),('13',81,'Zacualtipán de Ángeles','0001','Zacualtipán',0),('13',82,'Zapotlán de Juárez','0001','Zapotlán de Juárez',0),('13',83,'Zempoala','0001','Zempoala',0),('13',84,'Zimapán','0001','Zimapán',0),('14',1,'Acatic','0001','Acatic',0),('14',2,'Acatlán de Juárez','0001','Acatlán de Juárez',0),('14',3,'Ahualulco de Mercado','0001','Ahualulco de Mercado',0),('14',4,'Amacueca','0001','Amacueca',0),('14',5,'Amatitán','0001','Amatitán',0),('14',6,'Ameca','0001','Ameca',0),('14',7,'San Juanito de Escobedo','0001','San Juanito de Escobedo',0),('14',8,'Arandas','0001','Arandas',0),('14',9,'El Arenal','0001','El Arenal',0),('14',10,'Atemajac de Brizuela','0001','Atemajac de Brizuela',0),('14',11,'Atengo','0001','Atengo',0),('14',12,'Atenguillo','0001','Atenguillo',0),('14',13,'Atotonilco el Alto','0001','Atotonilco el Alto',0),('14',14,'Atoyac','0001','Atoyac',0),('14',15,'Autlán de Navarro','0001','Autlán de Navarro',0),('14',16,'Ayotlán','0001','Ayotlán',0),('14',17,'Ayutla','0001','Ayutla',0),('14',18,'La Barca','0001','La Barca',0),('14',19,'Bolaños','0001','Bolaños',0),('14',20,'Cabo Corrientes','0001','El Tuito',0),('14',21,'Casimiro Castillo','0001','La Resolana',0),('14',22,'Cihuatlán','0001','Cihuatlán',1),('14',23,'Zapotlán el Grande','0001','Ciudad Guzmán',0),('14',24,'Cocula','0001','Cocula',0),('14',25,'Colotlán','0001','Colotlán',0),('14',26,'Concepción de Buenos Aires','0001','Concepción de Buenos Aires',0),('14',27,'Cuautitlán de García Barragán','0001','Cuautitlán de García Barragán',0),('14',28,'Cuautla','0001','Cuautla',0),('14',29,'Cuquío','0001','Cuquío',0),('14',30,'Chapala','0001','Chapala',0),('14',31,'Chimaltitán','0001','Chimaltitán',0),('14',32,'Chiquilistlán','0001','Chiquilistlán',0),('14',33,'Degollado','0001','Degollado',0),('14',34,'Ejutla','0001','Ejutla',0),('14',35,'Encarnación de Díaz','0001','Encarnación de Díaz',0),('14',36,'Etzatlán','0001','Etzatlán',0),('14',37,'El Grullo','0001','El Grullo',0),('14',38,'Guachinango','0001','Guachinango',0),('14',39,'Guadalajara','0001','Guadalajara',2),('14',40,'Hostotipaquillo','0001','Hostotipaquillo',0),('14',41,'Huejúcar','0001','Huejúcar',0),('14',42,'Huejuquilla el Alto','0001','Huejuquilla el Alto',0),('14',43,'La Huerta','0001','La Huerta',0),('14',44,'Ixtlahuacán de los Membrillos','0001','Ixtlahuacán de los Membrillos',0),('14',45,'Ixtlahuacán del Río','0001','Ixtlahuacán del Río',0),('14',46,'Jalostotitlán','0001','Jalostotitlán',0),('14',47,'Jamay','0001','Jamay',0),('14',48,'Jesús María','0001','Jesús María',0),('14',49,'Jilotlán de los Dolores','0001','Jilotlán de los Dolores',0),('14',50,'Jocotepec','0001','Jocotepec',0),('14',51,'Juanacatlán','0001','Juanacatlán',0),('14',52,'Juchitlán','0001','Juchitlán',0),('14',53,'Lagos de Moreno','0001','Lagos de Moreno',0),('14',54,'El Limón','0001','El Limón',0),('14',55,'Magdalena','0001','Magdalena',0),('14',56,'Santa María del Oro','0001','Santa María del Oro',0),('14',57,'La Manzanilla de la Paz','0001','La Manzanilla de la Paz',0),('14',58,'Mascota','0001','Mascota',0),('14',59,'Mazamitla','0001','Mazamitla',0),('14',60,'Mexticacán','0001','Mexticacán',0),('14',61,'Mezquitic','0001','Mezquitic',0),('14',62,'Mixtlán','0001','Mixtlán',0),('14',63,'Ocotlán','0001','Ocotlán',0),('14',64,'Ojuelos de Jalisco','0001','Ojuelos de Jalisco',0),('14',65,'Pihuamo','0001','Pihuamo',0),('14',66,'Poncitlán','0001','Poncitlán',0),('14',67,'Puerto Vallarta','0001','Puerto Vallarta',0),('14',68,'Villa Purificación','0001','Villa Purificación',0),('14',69,'Quitupan','0001','Quitupan',0),('14',70,'El Salto','0001','El Salto',0),('14',71,'San Cristóbal de la Barranca','0001','San Cristóbal de la Barranca',0),('14',72,'San Diego de Alejandría','0001','San Diego de Alejandría',0),('14',73,'San Juan de los Lagos','0001','San Juan de los Lagos',0),('14',74,'San Julián','0001','San Julián',0),('14',75,'San Marcos','0001','San Marcos',0),('14',76,'San Martín de Bolaños','0001','San Martín de Bolaños',0),('14',77,'San Martín Hidalgo','0001','San Martín Hidalgo',0),('14',78,'San Miguel el Alto','0001','San Miguel el Alto',0),('14',79,'Gómez Farías','0001','San Sebastián del Sur',0),('14',80,'San Sebastián del Oeste','0001','San Sebastián del Oeste',0),('14',81,'Santa María de los Ángeles','0001','Santa María de los Ángeles',0),('14',82,'Sayula','0001','Sayula',0),('14',83,'Tala','0001','Tala',0),('14',84,'Talpa de Allende','0001','Talpa de Allende',0),('14',85,'Tamazula de Gordiano','0001','Tamazula de Gordiano',0),('14',86,'Tapalpa','0001','Tapalpa',0),('14',87,'Tecalitlán','0001','Tecalitlán',0),('14',88,'Tecolotlán','0001','Tecolotlán',0),('14',89,'Techaluta de Montenegro','0001','Techaluta de Montenegro',0),('14',90,'Tenamaxtlán','0001','Tenamaxtlán',0),('14',91,'Teocaltiche','0001','Teocaltiche',0),('14',92,'Teocuitatlán de Corona','0001','Teocuitatlán de Corona',0),('14',93,'Tepatitlán de Morelos','0001','Tepatitlán de Morelos',0),('14',94,'Tequila','0001','Tequila',0),('14',95,'Teuchitlán','0001','Teuchitlán',0),('14',96,'Tizapán el Alto','0001','Tizapán el Alto',0),('14',97,'Tlajomulco de Zúñiga','0001','Tlajomulco de Zúñiga',0),('14',98,'San Pedro Tlaquepaque','0001','Tlaquepaque',0),('14',99,'Tolimán','0001','Tolimán',0),('14',100,'Tomatlán','0001','Tomatlán',0),('14',101,'Tonalá','0001','Tonalá',0),('14',102,'Tonaya','0001','Tonaya',0),('14',103,'Tonila','0001','Tonila',0),('14',104,'Totatiche','0001','Totatiche',0),('14',105,'Tototlán','0001','Tototlán',0),('14',106,'Tuxcacuesco','0001','Tuxcacuesco',0),('14',107,'Tuxcueca','0001','Tuxcueca',0),('14',108,'Tuxpan','0001','Tuxpan',0),('14',109,'Unión de San Antonio','0001','Unión de San Antonio',0),('14',110,'Unión de Tula','0001','Unión de Tula',0),('14',111,'Valle de Guadalupe','0001','Valle de Guadalupe',0),('14',112,'Valle de Juárez','0001','Valle de Juárez',0),('14',113,'San Gabriel','0001','San Gabriel',0),('14',114,'Villa Corona','0001','Villa Corona',0),('14',115,'Villa Guerrero','0001','Villa Guerrero',0),('14',116,'Villa Hidalgo','0001','Villa Hidalgo',0),('14',117,'Cañadas de Obregón','0001','Cañadas de Obregón',0),('14',118,'Yahualica de González Gallo','0001','Yahualica de González Gallo',0),('14',119,'Zacoalco de Torres','0001','Zacoalco de Torres',0),('14',120,'Zapopan','0001','Zapopan',0),('14',121,'Zapotiltic','0001','Zapotiltic',0),('14',122,'Zapotitlán de Vadillo','0001','Zapotitlán de Vadillo',0),('14',123,'Zapotlán del Rey','0001','Zapotlán del Rey',0),('14',124,'Zapotlanejo','0001','Zapotlanejo',0),('14',125,'San Ignacio Cerro Gordo','0001','San Ignacio Cerro Gordo',0),('15',1,'Acambay de Ruíz Castañeda','0001','Villa de Acambay de Ruíz Castañeda',0),('15',2,'Acolman','0001','Acolman de Nezahualcóyotl',0),('15',3,'Aculco','0001','Aculco de Espinoza',0),('15',4,'Almoloya de Alquisiras','0001','Almoloya de Alquisiras',0),('15',5,'Almoloya de Juárez','0001','Villa de Almoloya de Juárez',0),('15',6,'Almoloya del Río','0001','Almoloya del Río',0),('15',7,'Amanalco','0001','Amanalco de Becerra',0),('15',8,'Amatepec','0001','Amatepec',0),('15',9,'Amecameca','0001','Amecameca de Juárez',0),('15',10,'Apaxco','0001','Apaxco de Ocampo',0),('15',11,'Atenco','0001','San Salvador Atenco',0),('15',12,'Atizapán','0001','Santa Cruz Atizapán',0),('15',13,'Atizapán de Zaragoza','0001','Ciudad López Mateos',0),('15',14,'Atlacomulco','0001','Atlacomulco de Fabela',0),('15',15,'Atlautla','0001','Atlautla de Victoria',0),('15',16,'Axapusco','0001','Axapusco',0),('15',17,'Ayapango','0001','Ayapango de Gabriel Ramos M.',0),('15',18,'Calimaya','0001','Calimaya de Díaz González',-1),('15',19,'Capulhuac','0001','Capulhuac de Mirafuentes',0),('15',20,'Coacalco de Berriozábal','0001','San Francisco Coacalco',0),('15',21,'Coatepec Harinas','0001','Coatepec Harinas',0),('15',22,'Cocotitlán','0001','Cocotitlán',0),('15',23,'Coyotepec','0001','Coyotepec',0),('15',24,'Cuautitlán','0001','Cuautitlán',0),('15',25,'Chalco','0001','Chalco de Díaz Covarrubias',0),('15',26,'Chapa de Mota','0001','Chapa de Mota',0),('15',27,'Chapultepec','0001','Chapultepec',0),('15',28,'Chiautla','0001','Chiautla',0),('15',29,'Chicoloapan','0001','Chicoloapan de Juárez',0),('15',30,'Chiconcuac','0001','Chiconcuac de Juárez',0),('15',31,'Chimalhuacán','0001','Chimalhuacán',0),('15',32,'Donato Guerra','0001','Villa Donato Guerra',0),('15',33,'Ecatepec de Morelos','0001','Ecatepec de Morelos',1),('15',34,'Ecatzingo','0001','Ecatzingo de Hidalgo',0),('15',35,'Huehuetoca','0001','Huehuetoca',0),('15',36,'Hueypoxtla','0001','Hueypoxtla',0),('15',37,'Huixquilucan','0001','Huixquilucan de Degollado',0),('15',38,'Isidro Fabela','0001','Tlazala de Fabela',0),('15',39,'Ixtapaluca','0001','Ixtapaluca',0),('15',40,'Ixtapan de la Sal','0001','Ixtapan de la Sal',0),('15',41,'Ixtapan del Oro','0001','Ixtapan del Oro',0),('15',42,'Ixtlahuaca','0001','Ixtlahuaca de Rayón',0),('15',43,'Xalatlaco','0001','Xalatlaco',0),('15',44,'Jaltenco','0001','Jaltenco',0),('15',45,'Jilotepec','0001','Jilotepec de Molina Enríquez',0),('15',46,'Jilotzingo','0001','Santa Ana Jilotzingo',0),('15',47,'Jiquipilco','0001','Jiquipilco',0),('15',48,'Jocotitlán','0001','Ciudad de Jocotitlán',0),('15',49,'Joquicingo','0001','Joquicingo de León Guzmán',0),('15',50,'Juchitepec','0001','Juchitepec de Mariano Rivapalacio',0),('15',51,'Lerma','0001','Lerma de Villada',0),('15',52,'Malinalco','0001','Malinalco',0),('15',53,'Melchor Ocampo','0001','Melchor Ocampo',0),('15',54,'Metepec','0001','Metepec',0),('15',55,'Mexicaltzingo','0001','San Mateo Mexicaltzingo',0),('15',56,'Morelos','0001','San Bartolo Morelos',0),('15',57,'Naucalpan de Juárez','0001','Naucalpan de Juárez',0),('15',58,'Nezahualcóyotl','0001','Ciudad Nezahualcóyotl',0),('15',59,'Nextlalpan','0001','Santa Ana Nextlalpan',0),('15',60,'Nicolás Romero','0001','Ciudad Nicolás Romero',0),('15',61,'Nopaltepec','0001','Nopaltepec',0),('15',62,'Ocoyoacac','0001','Ocoyoacac',0),('15',63,'Ocuilan','0001','Ocuilan de Arteaga',0),('15',64,'El Oro','0001','El Oro de Hidalgo',0),('15',65,'Otumba','0001','Otumba de Gómez Farías',0),('15',66,'Otzoloapan','0001','Otzoloapan',0),('15',67,'Otzolotepec','0001','Villa Cuauhtémoc',0),('15',68,'Ozumba','0001','Ozumba de Alzate',0),('15',69,'Papalotla','0001','Papalotla',0),('15',70,'La Paz','0001','Los Reyes Acaquilpan',0),('15',71,'Polotitlán','0001','Polotitlán de la Ilustración',0),('15',72,'Rayón','0001','Santa María Rayón',0),('15',73,'San Antonio la Isla','0001','San Antonio la Isla',0),('15',74,'San Felipe del Progreso','0001','San Felipe del Progreso',0),('15',75,'San Martín de las Pirámides','0001','San Martín de las Pirámides',0),('15',76,'San Mateo Atenco','0001','San Mateo Atenco',0),('15',77,'San Simón de Guerrero','0001','San Simón de Guerrero',0),('15',78,'Santo Tomás','0001','Santo Tomás de los Plátanos',0),('15',79,'Soyaniquilpan de Juárez','0001','San Francisco Soyaniquilpan',0),('15',80,'Sultepec','0001','Sultepec de Pedro Ascencio de Alquisiras',0),('15',81,'Tecámac','0001','Tecámac de Felipe Villanueva',0),('15',82,'Tejupilco','0001','Tejupilco de Hidalgo',0),('15',83,'Temamatla','0001','Temamatla',0),('15',84,'Temascalapa','0001','Temascalapa',0),('15',85,'Temascalcingo','0001','Temascalcingo de José María Velasco',0),('15',86,'Temascaltepec','0001','Temascaltepec de González',0),('15',87,'Temoaya','0001','Temoaya',0),('15',88,'Tenancingo','0001','Tenancingo de Degollado',0),('15',89,'Tenango del Aire','0001','Tenango del Aire',0),('15',90,'Tenango del Valle','0001','Tenango de Arista',0),('15',91,'Teoloyucan','0001','Teoloyucan',0),('15',92,'Teotihuacán','0001','Teotihuacán de Arista',0),('15',93,'Tepetlaoxtoc','0001','Tepetlaoxtoc de Hidalgo',0),('15',94,'Tepetlixpa','0001','Tepetlixpa',0),('15',95,'Tepotzotlán','0001','Tepotzotlán',0),('15',96,'Tequixquiac','0001','Tequixquiac',0),('15',97,'Texcaltitlán','0001','Texcaltitlán',0),('15',98,'Texcalyacac','0001','San Mateo Texcalyacac',0),('15',99,'Texcoco','0001','Texcoco de Mora',0),('15',100,'Tezoyuca','0001','Tezoyuca',0),('15',101,'Tianguistenco','0001','Santiago Tianguistenco de Galeana',0),('15',102,'Timilpan','0001','San Andrés Timilpan',0),('15',103,'Tlalmanalco','0001','Tlalmanalco de Velázquez',0),('15',104,'Tlalnepantla de Baz','0001','Tlalnepantla',0),('15',105,'Tlatlaya','0001','Tlatlaya',0),('15',106,'Toluca','0001','Toluca de Lerdo',1),('15',107,'Tonatico','0001','Tonatico',0),('15',108,'Tultepec','0001','Tultepec',0),('15',109,'Tultitlán','0001','Tultitlán de Mariano Escobedo',0),('15',110,'Valle de Bravo','0001','Valle de Bravo',0),('15',111,'Villa de Allende','0001','San José Villa de Allende',0),('15',112,'Villa del Carbón','0001','Villa del Carbón',0),('15',113,'Villa Guerrero','0001','Villa Guerrero',0),('15',114,'Villa Victoria','0001','Villa Victoria',0),('15',115,'Xonacatlán','0001','Xonacatlán',0),('15',116,'Zacazonapan','0001','Zacazonapan',0),('15',117,'Zacualpan','0001','Zacualpan',0),('15',118,'Zinacantepec','0001','San Miguel Zinacantepec',0),('15',119,'Zumpahuacán','0001','Zumpahuacán',0),('15',120,'Zumpango','0001','Zumpango de Ocampo',0),('15',121,'Cuautitlán Izcalli','0001','Cuautitlán Izcalli',0),('15',122,'Valle de Chalco Solidaridad','0001','Xico',0),('15',123,'Luvianos','0001','Villa Luvianos',0),('15',124,'San José del Rincón','0001','San José del Rincón Centro',0),('15',125,'Tonanitla','0001','Santa María Tonanitla',0),('16',1,'Acuitzio','0001','Acuitzio del Canje',0),('16',2,'Aguililla','0001','Aguililla',0),('16',3,'Álvaro Obregón','0001','Álvaro Obregón',0),('16',4,'Angamacutiro','0001','Angamacutiro de la Unión',0),('16',5,'Angangueo','0001','Mineral de Angangueo',0),('16',6,'Apatzingán','0001','Apatzingán de la Constitución',0),('16',7,'Aporo','0001','Aporo',0),('16',8,'Aquila','0001','Aquila',0),('16',9,'Ario','0001','Ario de Rosales',0),('16',10,'Arteaga','0001','Arteaga',0),('16',11,'Briseñas','0001','Briseñas de Matamoros',0),('16',12,'Buenavista','0001','Buenavista Tomatlán',0),('16',13,'Carácuaro','0001','Carácuaro de Morelos',0),('16',14,'Coahuayana','0001','Coahuayana de Hidalgo',0),('16',15,'Coalcomán de Vázquez Pallares','0001','Coalcomán de Vázquez Pallares',0),('16',16,'Coeneo','0001','Coeneo de la Libertad',0),('16',17,'Contepec','0001','Contepec',0),('16',18,'Copándaro','0001','Copándaro de Galeana',0),('16',19,'Cotija','0001','Cotija de la Paz',0),('16',20,'Cuitzeo','0001','Cuitzeo del Porvenir',0),('16',21,'Charapan','0001','Charapan',0),('16',22,'Charo','0001','Charo',0),('16',23,'Chavinda','0001','Chavinda',0),('16',24,'Cherán','0001','Cherán',0),('16',25,'Chilchota','0001','Chilchota',0),('16',26,'Chinicuila','0001','Villa Victoria',0),('16',27,'Chucándiro','0001','Chucándiro',0),('16',28,'Churintzio','0001','Churintzio',0),('16',29,'Churumuco','0001','Churumuco de Morelos',0),('16',30,'Ecuandureo','0001','Ecuandureo',0),('16',31,'Epitacio Huerta','0001','Epitacio Huerta',0),('16',32,'Erongarícuaro','0001','Erongarícuaro',0),('16',33,'Gabriel Zamora','0001','Lombardía',0),('16',34,'Hidalgo','0001','Ciudad Hidalgo',0),('16',35,'La Huacana','0001','La Huacana',0),('16',36,'Huandacareo','0001','Huandacareo',0),('16',37,'Huaniqueo','0001','Huaniqueo de Morales',0),('16',38,'Huetamo','0001','Huetamo de Núñez',0),('16',39,'Huiramba','0001','Huiramba',0),('16',40,'Indaparapeo','0001','Indaparapeo',0),('16',41,'Irimbo','0001','Irimbo',0),('16',42,'Ixtlán','0001','Ixtlán de los Hervores',0),('16',43,'Jacona','0001','Jacona de Plancarte',0),('16',44,'Jiménez','0001','Villa Jiménez',0),('16',45,'Jiquilpan','0001','Jiquilpan de Juárez',0),('16',46,'Juárez','0001','Benito Juárez',0),('16',47,'Jungapeo','0001','Jungapeo de Juárez',0),('16',48,'Lagunillas','0001','Lagunillas',0),('16',49,'Madero','0001','Villa Madero',0),('16',50,'Maravatío','0001','Maravatío de Ocampo',0),('16',51,'Marcos Castellanos','0001','San José de Gracia',0),('16',52,'Lázaro Cárdenas','0001','Ciudad Lázaro Cárdenas',0),('16',53,'Morelia','0001','Morelia',0),('16',54,'Morelos','0001','Villa Morelos',0),('16',55,'Múgica','0001','Nueva Italia de Ruiz',0),('16',56,'Nahuatzen','0001','Nahuatzen',0),('16',57,'Nocupétaro','0001','Nocupétaro de Morelos',0),('16',58,'Nuevo Parangaricutiro','0001','Nuevo San Juan Parangaricutiro',0),('16',59,'Nuevo Urecho','0001','Nuevo Urecho',0),('16',60,'Numarán','0001','Numarán',0),('16',61,'Ocampo','0001','Ocampo',0),('16',62,'Pajacuarán','0001','Pajacuarán',0),('16',63,'Panindícuaro','0001','Panindícuaro',0),('16',64,'Parácuaro','0001','Parácuaro',0),('16',65,'Paracho','0001','Paracho de Verduzco',0),('16',66,'Pátzcuaro','0001','Pátzcuaro',0),('16',67,'Penjamillo','0001','Penjamillo de Degollado',0),('16',68,'Peribán','0001','Peribán de Ramos',0),('16',69,'La Piedad','0001','La Piedad de Cabadas',0),('16',70,'Purépero','0001','Purépero de Echáiz',0),('16',71,'Puruándiro','0001','Puruándiro',0),('16',72,'Queréndaro','0001','Queréndaro',0),('16',73,'Quiroga','0001','Quiroga',0),('16',74,'Cojumatlán de Régules','0001','Cojumatlán de Régules',0),('16',75,'Los Reyes','0001','Los Reyes de Salgado',0),('16',76,'Sahuayo','0001','Sahuayo de Morelos',0),('16',77,'San Lucas','0001','San Lucas',0),('16',78,'Santa Ana Maya','0001','Santa Ana Maya',0),('16',79,'Salvador Escalante','0001','Santa Clara del Cobre',0),('16',80,'Senguio','0001','Senguio',0),('16',81,'Susupuato','0001','Susupuato de Guerrero',0),('16',82,'Tacámbaro','0001','Tacámbaro de Codallos',0),('16',83,'Tancítaro','0001','Tancítaro',0),('16',84,'Tangamandapio','0001','Santiago Tangamandapio',0),('16',85,'Tangancícuaro','0001','Tangancícuaro de Arista',0),('16',86,'Tanhuato','0001','Tanhuato de Guerrero',0),('16',87,'Taretan','0001','Taretan',0),('16',88,'Tarímbaro','0001','Tarímbaro',0),('16',89,'Tepalcatepec','0001','Tepalcatepec',0),('16',90,'Tingambato','0001','Tingambato',0),('16',91,'Tingüindín','0001','Tingüindín',0),('16',92,'Tiquicheo de Nicolás Romero','0001','Tiquicheo',0),('16',93,'Tlalpujahua','0001','Tlalpujahua de Rayón',0),('16',94,'Tlazazalca','0001','Tlazazalca',0),('16',95,'Tocumbo','0001','Tocumbo',0),('16',96,'Tumbiscatío','0001','Tumbiscatío de Ruiz',0),('16',97,'Turicato','0001','Turicato',0),('16',98,'Tuxpan','0001','Tuxpan',0),('16',99,'Tuzantla','0001','Tuzantla',0),('16',100,'Tzintzuntzan','0001','Tzintzuntzan',0),('16',101,'Tzitzio','0001','Tzitzio',0),('16',102,'Uruapan','0001','Uruapan',0),('16',103,'Venustiano Carranza','0001','Venustiano Carranza',0),('16',104,'Villamar','0001','Villamar',0),('16',105,'Vista Hermosa','0001','Vista Hermosa de Negrete',0),('16',106,'Yurécuaro','0001','Yurécuaro',0),('16',107,'Zacapu','0001','Zacapu',0),('16',108,'Zamora','0001','Zamora de Hidalgo',0),('16',109,'Zináparo','0001','Zináparo',0),('16',110,'Zinapécuaro','0001','Zinapécuaro de Figueroa',0),('16',111,'Ziracuaretiro','0001','Ziracuaretiro',0),('16',112,'Zitácuaro','0001','Heróica Zitácuaro',0),('16',113,'José Sixto Verduzco','0001','Pastor Ortiz',0),('17',1,'Amacuzac','0001','Amacuzac',0),('17',2,'Atlatlahucan','0001','Atlatlahucan',0),('17',3,'Axochiapan','0001','Axochiapan',0),('17',4,'Ayala','0001','Ciudad Ayala',0),('17',5,'Coatlán del Río','0001','Coatlán del Río',0),('17',6,'Cuautla','0001','Cuautla',0),('17',7,'Cuernavaca','0001','Cuernavaca',0),('17',8,'Emiliano Zapata','0001','Emiliano Zapata',0),('17',9,'Huitzilac','0001','Huitzilac',0),('17',10,'Jantetelco','0001','Jantetelco',0),('17',11,'Jiutepec','0001','Jiutepec',0),('17',12,'Jojutla','0001','Jojutla',0),('17',13,'Jonacatepec','0001','Jonacatepec',0),('17',14,'Mazatepec','0001','Mazatepec',0),('17',15,'Miacatlán','0001','Miacatlán',0),('17',16,'Ocuituco','0001','Ocuituco',0),('17',17,'Puente de Ixtla','0001','Puente de Ixtla',-1),('17',18,'Temixco','0001','Temixco',0),('17',19,'Tepalcingo','0001','Tepalcingo',0),('17',20,'Tepoztlán','0001','Tepoztlán',0),('17',21,'Tetecala','0001','Tetecala',0),('17',22,'Tetela del Volcán','0001','Tetela del Volcán',0),('17',23,'Tlalnepantla','0001','Tlalnepantla',0),('17',24,'Tlaltizapán de Zapata','0001','Tlaltizapán',0),('17',25,'Tlaquiltenango','0001','Tlaquiltenango',0),('17',26,'Tlayacapan','0001','Tlayacapan',0),('17',27,'Totolapan','0001','Totolapan',0),('17',28,'Xochitepec','0001','Xochitepec',0),('17',29,'Yautepec','0001','Yautepec de Zaragoza',0),('17',30,'Yecapixtla','0001','Yecapixtla',0),('17',31,'Zacatepec','0001','Zacatepec de Hidalgo',0),('17',32,'Zacualpan de Amilpas','0001','Zacualpan de Amilpas',0),('17',33,'Temoac','0001','Temoac',0),('18',1,'Acaponeta','0001','Acaponeta',0),('18',2,'Ahuacatlán','0001','Ahuacatlán',0),('18',3,'Amatlán de Cañas','0001','Amatlán de Cañas',0),('18',4,'Compostela','0001','Compostela',0),('18',5,'Huajicori','0001','Huajicori',0),('18',6,'Ixtlán del Río','0001','Ixtlán del Río',0),('18',7,'Jala','0001','Jala',0),('18',8,'Xalisco','0001','Xalisco',0),('18',9,'Del Nayar','0001','Jesús María',0),('18',10,'Rosamorada','0001','Rosamorada',0),('18',11,'Ruíz','0001','Ruíz',0),('18',12,'San Blas','0001','San Blas',0),('18',13,'San Pedro Lagunillas','0001','San Pedro Lagunillas',0),('18',14,'Santa María del Oro','0001','Santa María del Oro',0),('18',15,'Santiago Ixcuintla','0001','Santiago Ixcuintla',0),('18',16,'Tecuala','0001','Tecuala',0),('18',17,'Tepic','0001','Tepic',0),('18',18,'Tuxpan','0001','Tuxpan',0),('18',19,'La Yesca','0001','La Yesca',0),('18',20,'Bahía de Banderas','0001','Valle de Banderas',0),('19',1,'Abasolo','0001','Abasolo',0),('19',2,'Agualeguas','0001','Agualeguas',0),('19',3,'Los Aldamas','0001','Los Aldamas',0),('19',4,'Allende','0001','Ciudad de Allende',0),('19',5,'Anáhuac','0001','Anáhuac',0),('19',6,'Apodaca','0001','Ciudad Apodaca',11),('19',7,'Aramberri','0001','Aramberri',0),('19',8,'Bustamante','0001','Bustamante',0),('19',9,'Cadereyta Jiménez','0001','Cadereyta Jiménez',0),('19',10,'El Carmen','0001','Carmen',0),('19',11,'Cerralvo','0001','Ciudad Cerralvo',0),('19',12,'Ciénega de Flores','0001','Ciénega de Flores',0),('19',13,'China','0001','China',0),('19',14,'Doctor Arroyo','0001','Doctor Arroyo',0),('19',15,'Doctor Coss','0001','Doctor Coss',0),('19',16,'Doctor González','0001','Doctor González',0),('19',17,'Galeana','0001','Galeana',0),('19',18,'García','0001','García',1),('19',19,'San Pedro Garza García','0001','San Pedro Garza García',18),('19',20,'General Bravo','0001','General Bravo',0),('19',21,'General Escobedo','0001','Ciudad General Escobedo',1),('19',22,'General Terán','0001','Ciudad General Terán',0),('19',23,'General Treviño','0001','General Treviño',0),('19',24,'General Zaragoza','0001','General Zaragoza',0),('19',25,'General Zuazua','0001','General Zuazua',0),('19',26,'Guadalupe','0001','Guadalupe',1),('19',27,'Los Herreras','0001','Los Herreras',0),('19',28,'Higueras','0001','Higueras',0),('19',29,'Hualahuises','0001','Hualahuises',0),('19',30,'Iturbide','0001','Iturbide',0),('19',31,'Juárez','0001','Ciudad Benito Juárez',0),('19',32,'Lampazos de Naranjo','0001','Lampazos de Naranjo',0),('19',33,'Linares','0001','Linares',0),('19',34,'Marín','0001','Marín',0),('19',35,'Melchor Ocampo','0001','Melchor Ocampo',0),('19',36,'Mier y Noriega','0001','Mier y Noriega',0),('19',37,'Mina','0001','Mina',0),('19',38,'Montemorelos','0001','Montemorelos',0),('19',39,'Monterrey','0001','Monterrey',38),('19',40,'Parás','0001','Parás',0),('19',41,'Pesquería','0001','Pesquería',0),('19',42,'Los Ramones','0001','Los Ramones',0),('19',43,'Rayones','0001','Rayones',0),('19',44,'Sabinas Hidalgo','0001','Ciudad Sabinas Hidalgo',0),('19',45,'Salinas Victoria','0001','Salinas Victoria',0),('19',46,'San Nicolás de los Garza','0001','San Nicolás de los Garza',3),('19',47,'Hidalgo','0001','Hidalgo',0),('19',48,'Santa Catarina','0001','Ciudad Santa Catarina',2),('19',49,'Santiago','0001','Santiago',1),('19',50,'Vallecillo','0001','Vallecillo',0),('19',51,'Villaldama','0001','Ciudad de Villaldama',0),('20',1,'Abejones','0001','Abejones',0),('20',2,'Acatlán de Pérez Figueroa','0001','Acatlán de Pérez Figueroa',0),('20',3,'Asunción Cacalotepec','0001','Asunción Cacalotepec',0),('20',4,'Asunción Cuyotepeji','0001','Asunción Cuyotepeji',0),('20',5,'Asunción Ixtaltepec','0001','Asunción Ixtaltepec',0),('20',6,'Asunción Nochixtlán','0001','Asunción Nochixtlán',0),('20',7,'Asunción Ocotlán','0001','Asunción Ocotlán',0),('20',8,'Asunción Tlacolulita','0001','Asunción Tlacolulita',0),('20',9,'Ayotzintepec','0001','Ayotzintepec',0),('20',10,'El Barrio de la Soledad','0001','El Barrio de la Soledad',0),('20',11,'Calihualá','0001','Calihualá',0),('20',12,'Candelaria Loxicha','0001','Candelaria Loxicha',0),('20',13,'Ciénega de Zimatlán','0001','Ciénega de Zimatlán',0),('20',14,'Ciudad Ixtepec','0001','Ciudad Ixtepec',0),('20',15,'Coatecas Altas','0001','Coatecas Altas',0),('20',16,'Coicoyán de las Flores','0001','Coicoyán de las Flores',0),('20',17,'La Compañía','0001','La Compañía',0),('20',18,'Concepción Buenavista','0001','Concepción Buenavista',0),('20',19,'Concepción Pápalo','0001','Concepción Pápalo',0),('20',20,'Constancia del Rosario','0001','Constancia del Rosario',0),('20',21,'Cosolapa','0001','Cosolapa',0),('20',22,'Cosoltepec','0001','Cosoltepec',0),('20',23,'Cuilápam de Guerrero','0001','Cuilápam de Guerrero',0),('20',24,'Cuyamecalco Villa de Zaragoza','0001','Cuyamecalco Villa de Zaragoza',0),('20',25,'Chahuites','0001','Chahuites',0),('20',26,'Chalcatongo de Hidalgo','0001','Chalcatongo de Hidalgo',0),('20',27,'Chiquihuitlán de Benito Juárez','0001','Chiquihuitlán de Benito Juárez',0),('20',28,'Heroica Ciudad de Ejutla de Crespo','0001','Heroica Ciudad de Ejutla de Crespo',0),('20',29,'Eloxochitlán de Flores Magón','0001','Eloxochitlán de Flores Magón',0),('20',30,'El Espinal','0001','El Espinal',0),('20',31,'Tamazulápam del Espíritu Santo','0001','Tamazulápam del Espíritu Santo',0),('20',32,'Fresnillo de Trujano','0001','Fresnillo de Trujano',0),('20',33,'Guadalupe Etla','0001','Guadalupe Etla',0),('20',34,'Guadalupe de Ramírez','0001','Guadalupe de Ramírez',0),('20',35,'Guelatao de Juárez','0001','Guelatao de Juárez',0),('20',36,'Guevea de Humboldt','0001','Guevea de Humboldt',0),('20',37,'Mesones Hidalgo','0001','Mesones Hidalgo',0),('20',38,'Villa Hidalgo','0001','Villa Hidalgo',0),('20',39,'Heroica Ciudad de Huajuapan de León','0001','Heroica Ciudad de Huajuapan de León',0),('20',40,'Huautepec','0001','Huautepec',0),('20',41,'Huautla de Jiménez','0001','Huautla de Jiménez',0),('20',42,'Ixtlán de Juárez','0001','Ixtlán de Juárez',0),('20',43,'Heroica Ciudad de Juchitán de Zaragoza','0001','Heroica Ciudad de Juchitán de Zaragoza',0),('20',44,'Loma Bonita','0001','Loma Bonita',0),('20',45,'Magdalena Apasco','0001','Magdalena Apasco',0),('20',46,'Magdalena Jaltepec','0001','Magdalena Jaltepec',0),('20',47,'Santa Magdalena Jicotlán','0001','Santa Magdalena Jicotlán',0),('20',48,'Magdalena Mixtepec','0001','Magdalena Mixtepec',0),('20',49,'Magdalena Ocotlán','0001','Magdalena Ocotlán',0),('20',50,'Magdalena Peñasco','0001','Magdalena Peñasco',0),('20',51,'Magdalena Teitipac','0001','Magdalena Teitipac',0),('20',52,'Magdalena Tequisistlán','0001','Magdalena Tequisistlán',0),('20',53,'Magdalena Tlacotepec','0001','Magdalena Tlacotepec',0),('20',54,'Magdalena Zahuatlán','0001','Magdalena Zahuatlán',0),('20',55,'Mariscala de Juárez','0001','Mariscala de Juárez',0),('20',56,'Mártires de Tacubaya','0001','Mártires de Tacubaya',0),('20',57,'Matías Romero Avendaño','0001','Matías Romero Avendaño',0),('20',58,'Mazatlán Villa de Flores','0001','Mazatlán Villa de Flores',0),('20',59,'Miahuatlán de Porfirio Díaz','0001','Miahuatlán de Porfirio Díaz',0),('20',60,'Mixistlán de la Reforma','0001','Mixistlán de la Reforma',0),('20',61,'Monjas','0001','Monjas',0),('20',62,'Natividad','0001','Natividad',0),('20',63,'Nazareno Etla','0001','Nazareno Etla',0),('20',64,'Nejapa de Madero','0001','Nejapa de Madero',0),('20',65,'Ixpantepec Nieves','0001','Ixpantepec Nieves',0),('20',66,'Santiago Niltepec','0001','Santiago Niltepec',0),('20',67,'Oaxaca de Juárez','0001','Oaxaca de Juárez',0),('20',68,'Ocotlán de Morelos','0001','Ocotlán de Morelos',0),('20',69,'La Pe','0001','La Pe',0),('20',70,'Pinotepa de Don Luis','0001','Pinotepa de Don Luis',0),('20',71,'Pluma Hidalgo','0001','Pluma Hidalgo',0),('20',72,'San José del Progreso','0001','San José del Progreso',0),('20',73,'Putla Villa de Guerrero','0001','Putla Villa de Guerrero',0),('20',74,'Santa Catarina Quioquitani','0001','Santa Catarina Quioquitani',0),('20',75,'Reforma de Pineda','0001','Reforma de Pineda',0),('20',76,'La Reforma','0001','La Reforma',0),('20',77,'Reyes Etla','0001','Reyes Etla',0),('20',78,'Rojas de Cuauhtémoc','0001','Rojas de Cuauhtémoc',0),('20',79,'Salina Cruz','0001','Salina Cruz',0),('20',80,'San Agustín Amatengo','0001','San Agustín Amatengo',0),('20',81,'San Agustín Atenango','0001','San Agustín Atenango',0),('20',82,'San Agustín Chayuco','0001','San Agustín Chayuco',0),('20',83,'San Agustín de las Juntas','0001','San Agustín de las Juntas',0),('20',84,'San Agustín Etla','0001','San Agustín Etla',0),('20',85,'San Agustín Loxicha','0001','San Agustín Loxicha',0),('20',86,'San Agustín Tlacotepec','0001','San Agustín Tlacotepec',0),('20',87,'San Agustín Yatareni','0001','San Agustín Yatareni',0),('20',88,'San Andrés Cabecera Nueva','0001','San Andrés Cabecera Nueva',0),('20',89,'San Andrés Dinicuiti','0001','San Andrés Dinicuiti',0),('20',90,'San Andrés Huaxpaltepec','0001','San Andrés Huaxpaltepec',0),('20',91,'San Andrés Huayápam','0001','San Andrés Huayápam',0),('20',92,'San Andrés Ixtlahuaca','0001','San Andrés Ixtlahuaca',0),('20',93,'San Andrés Lagunas','0001','San Andrés Lagunas',0),('20',94,'San Andrés Nuxiño','0001','San Andrés Nuxiño',0),('20',95,'San Andrés Paxtlán','0001','San Andrés Paxtlán',0),('20',96,'San Andrés Sinaxtla','0001','San Andrés Sinaxtla',0),('20',97,'San Andrés Solaga','0001','San Andrés Solaga',0),('20',98,'San Andrés Teotilálpam','0001','San Andrés Teotilálpam',0),('20',99,'San Andrés Tepetlapa','0001','San Andrés Tepetlapa',0),('20',100,'San Andrés Yaá','0001','San Andrés Yaá',0),('20',101,'San Andrés Zabache','0001','San Andrés Zabache',0),('20',102,'San Andrés Zautla','0001','San Andrés Zautla',0),('20',103,'San Antonino Castillo Velasco','0001','San Antonino Castillo Velasco',0),('20',104,'San Antonino el Alto','0001','San Antonino el Alto',0),('20',105,'San Antonino Monte Verde','0001','San Antonino Monte Verde',0),('20',106,'San Antonio Acutla','0001','San Antonio Acutla',0),('20',107,'San Antonio de la Cal','0001','San Antonio de la Cal',0),('20',108,'San Antonio Huitepec','0001','San Antonio Huitepec',0),('20',109,'San Antonio Nanahuatípam','0001','San Antonio Nanahuatípam',0),('20',110,'San Antonio Sinicahua','0001','San Antonio Sinicahua',0),('20',111,'San Antonio Tepetlapa','0001','San Antonio Tepetlapa',0),('20',112,'San Baltazar Chichicápam','0001','San Baltazar Chichicápam',0),('20',113,'San Baltazar Loxicha','0001','San Baltazar Loxicha',0),('20',114,'San Baltazar Yatzachi el Bajo','0001','San Baltazar Yatzachi el Bajo',0),('20',115,'San Bartolo Coyotepec','0001','San Bartolo Coyotepec',0),('20',116,'San Bartolomé Ayautla','0001','San Bartolomé Ayautla',0),('20',117,'San Bartolomé Loxicha','0001','San Bartolomé Loxicha',0),('20',118,'San Bartolomé Quialana','0001','San Bartolomé Quialana',0),('20',119,'San Bartolomé Yucuañe','0001','San Bartolomé Yucuañe',0),('20',120,'San Bartolomé Zoogocho','0001','San Bartolomé Zoogocho',0),('20',121,'San Bartolo Soyaltepec','0001','San Bartolo Soyaltepec',0),('20',122,'San Bartolo Yautepec','0001','San Bartolo Yautepec',0),('20',123,'San Bernardo Mixtepec','0001','San Bernardo Mixtepec',0),('20',124,'San Blas Atempa','0001','San Blas Atempa',0),('20',125,'San Carlos Yautepec','0001','San Carlos Yautepec',0),('20',126,'San Cristóbal Amatlán','0001','San Cristóbal Amatlán',0),('20',127,'San Cristóbal Amoltepec','0001','San Cristóbal Amoltepec',0),('20',128,'San Cristóbal Lachirioag','0001','San Cristóbal Lachirioag',0),('20',129,'San Cristóbal Suchixtlahuaca','0001','San Cristóbal Suchixtlahuaca',0),('20',130,'San Dionisio del Mar','0001','San Dionisio del Mar',0),('20',131,'San Dionisio Ocotepec','0001','San Dionisio Ocotepec',0),('20',132,'San Dionisio Ocotlán','0001','San Dionisio Ocotlán',0),('20',133,'San Esteban Atatlahuca','0001','San Esteban Atatlahuca',0),('20',134,'San Felipe Jalapa de Díaz','0001','San Felipe Jalapa de Díaz',0),('20',135,'San Felipe Tejalápam','0001','San Felipe Tejalápam',0),('20',136,'San Felipe Usila','0001','San Felipe Usila',0),('20',137,'San Francisco Cahuacuá','0001','San Francisco Cahuacuá',0),('20',138,'San Francisco Cajonos','0001','San Francisco Cajonos',0),('20',139,'San Francisco Chapulapa','0001','San Francisco Chapulapa',0),('20',140,'San Francisco Chindúa','0001','San Francisco Chindúa',0),('20',141,'San Francisco del Mar','0036','San Francisco del Mar',0),('20',142,'San Francisco Huehuetlán','0001','San Francisco Huehuetlán',0),('20',143,'San Francisco Ixhuatán','0001','San Francisco Ixhuatán',0),('20',144,'San Francisco Jaltepetongo','0001','San Francisco Jaltepetongo',0),('20',145,'San Francisco Lachigoló','0001','San Francisco Lachigoló',0),('20',146,'San Francisco Logueche','0001','San Francisco Logueche',0),('20',147,'San Francisco Nuxaño','0001','San Francisco Nuxaño',0),('20',148,'San Francisco Ozolotepec','0001','San Francisco Ozolotepec',0),('20',149,'San Francisco Sola','0001','San Francisco Sola',0),('20',150,'San Francisco Telixtlahuaca','0001','San Francisco Telixtlahuaca',0),('20',151,'San Francisco Teopan','0001','San Francisco Teopan',0),('20',152,'San Francisco Tlapancingo','0001','San Francisco Tlapancingo',0),('20',153,'San Gabriel Mixtepec','0001','San Gabriel Mixtepec',0),('20',154,'San Ildefonso Amatlán','0001','San Ildefonso Amatlán',0),('20',155,'San Ildefonso Sola','0001','San Ildefonso Sola',0),('20',156,'San Ildefonso Villa Alta','0001','San Ildefonso Villa Alta',0),('20',157,'San Jacinto Amilpas','0001','San Jacinto Amilpas',0),('20',158,'San Jacinto Tlacotepec','0001','San Jacinto Tlacotepec',0),('20',159,'San Jerónimo Coatlán','0001','San Jerónimo Coatlán',0),('20',160,'San Jerónimo Silacayoapilla','0001','San Jerónimo Silacayoapilla',0),('20',161,'San Jerónimo Sosola','0001','San Jerónimo Sosola',0),('20',162,'San Jerónimo Taviche','0001','San Jerónimo Taviche',0),('20',163,'San Jerónimo Tecóatl','0001','San Jerónimo Tecóatl',0),('20',164,'San Jorge Nuchita','0001','San Jorge Nuchita',0),('20',165,'San José Ayuquila','0001','San José Ayuquila',0),('20',166,'San José Chiltepec','0001','San José Chiltepec',0),('20',167,'San José del Peñasco','0001','San José del Peñasco',0),('20',168,'San José Estancia Grande','0001','San José Estancia Grande',0),('20',169,'San José Independencia','0001','San José Independencia',0),('20',170,'San José Lachiguiri','0001','San José Lachiguiri',0),('20',171,'San José Tenango','0001','San José Tenango',0),('20',172,'San Juan Achiutla','0001','San Juan Achiutla',0),('20',173,'San Juan Atepec','0001','San Juan Atepec',0),('20',174,'Ánimas Trujano','0001','Ánimas Trujano',0),('20',175,'San Juan Bautista Atatlahuca','0001','San Juan Bautista Atatlahuca',0),('20',176,'San Juan Bautista Coixtlahuaca','0001','San Juan Bautista Coixtlahuaca',0),('20',177,'San Juan Bautista Cuicatlán','0001','San Juan Bautista Cuicatlán',0),('20',178,'San Juan Bautista Guelache','0001','San Juan Bautista Guelache',0),('20',179,'San Juan Bautista Jayacatlán','0001','San Juan Bautista Jayacatlán',0),('20',180,'San Juan Bautista Lo de Soto','0001','San Juan Bautista Lo de Soto',0),('20',181,'San Juan Bautista Suchitepec','0001','San Juan Bautista Suchitepec',0),('20',182,'San Juan Bautista Tlacoatzintepec','0001','San Juan Bautista Tlacoatzintepec',0),('20',183,'San Juan Bautista Tlachichilco','0001','San Juan Bautista Tlachichilco',0),('20',184,'San Juan Bautista Tuxtepec','0001','San Juan Bautista Tuxtepec',0),('20',185,'San Juan Cacahuatepec','0001','San Juan Cacahuatepec',0),('20',186,'San Juan Cieneguilla','0001','San Juan Cieneguilla',0),('20',187,'San Juan Coatzóspam','0001','San Juan Coatzóspam',0),('20',188,'San Juan Colorado','0001','San Juan Colorado',0),('20',189,'San Juan Comaltepec','0001','San Juan Comaltepec',0),('20',190,'San Juan Cotzocón','0001','San Juan Cotzocón',0),('20',191,'San Juan Chicomezúchil','0001','San Juan Chicomezúchil',0),('20',192,'San Juan Chilateca','0001','San Juan Chilateca',0),('20',193,'San Juan del Estado','0001','San Juan del Estado',0),('20',194,'San Juan del Río','0001','San Juan del Río',0),('20',195,'San Juan Diuxi','0001','San Juan Diuxi',0),('20',196,'San Juan Evangelista Analco','0001','San Juan Evangelista Analco',0),('20',197,'San Juan Guelavía','0001','San Juan Guelavía',0),('20',198,'San Juan Guichicovi','0001','San Juan Guichicovi',0),('20',199,'San Juan Ihualtepec','0001','San Juan Ihualtepec',0),('20',200,'San Juan Juquila Mixes','0001','San Juan Juquila Mixes',0),('20',201,'San Juan Juquila Vijanos','0001','San Juan Juquila Vijanos',0),('20',202,'San Juan Lachao','0001','San Juan Lachao',0),('20',203,'San Juan Lachigalla','0001','San Juan Lachigalla',0),('20',204,'San Juan Lajarcia','0001','San Juan Lajarcia',0),('20',205,'San Juan Lalana','0001','San Juan Lalana',0),('20',206,'San Juan de los Cués','0001','San Juan de los Cués',0),('20',207,'San Juan Mazatlán','0001','San Juan Mazatlán',0),('20',208,'San Juan Mixtepec','0001','San Juan Mixtepec Distrito 08',0),('20',209,'San Juan Mixtepec','0001','San Juan Mixtepec Distrito 26',0),('20',210,'San Juan Ñumí','0001','San Juan Ñumí',0),('20',211,'San Juan Ozolotepec','0001','San Juan Ozolotepec',0),('20',212,'San Juan Petlapa','0001','San Juan Petlapa',0),('20',213,'San Juan Quiahije','0001','San Juan Quiahije',0),('20',214,'San Juan Quiotepec','0001','San Juan Quiotepec',0),('20',215,'San Juan Sayultepec','0001','San Juan Sayultepec',0),('20',216,'San Juan Tabaá','0001','San Juan Tabaá',0),('20',217,'San Juan Tamazola','0001','San Juan Tamazola',0),('20',218,'San Juan Teita','0001','San Juan Teita',0),('20',219,'San Juan Teitipac','0001','San Juan Teitipac',0),('20',220,'San Juan Tepeuxila','0001','San Juan Tepeuxila',0),('20',221,'San Juan Teposcolula','0001','San Juan Teposcolula',0),('20',222,'San Juan Yaeé','0001','San Juan Yaeé',0),('20',223,'San Juan Yatzona','0001','San Juan Yatzona',0),('20',224,'San Juan Yucuita','0001','San Juan Yucuita',0),('20',225,'San Lorenzo','0001','San Lorenzo',0),('20',226,'San Lorenzo Albarradas','0001','San Lorenzo Albarradas',0),('20',227,'San Lorenzo Cacaotepec','0001','San Lorenzo Cacaotepec',0),('20',228,'San Lorenzo Cuaunecuiltitla','0001','San Lorenzo Cuaunecuiltitla',0),('20',229,'San Lorenzo Texmelúcan','0001','San Lorenzo Texmelúcan',0),('20',230,'San Lorenzo Victoria','0001','San Lorenzo Victoria',0),('20',231,'San Lucas Camotlán','0001','San Lucas Camotlán',0),('20',232,'San Lucas Ojitlán','0001','San Lucas Ojitlán',0),('20',233,'San Lucas Quiaviní','0001','San Lucas Quiaviní',0),('20',234,'San Lucas Zoquiápam','0001','San Lucas Zoquiápam',0),('20',235,'San Luis Amatlán','0001','San Luis Amatlán',0),('20',236,'San Marcial Ozolotepec','0001','San Marcial Ozolotepec',0),('20',237,'San Marcos Arteaga','0001','San Marcos Arteaga',0),('20',238,'San Martín de los Cansecos','0001','San Martín de los Cansecos',0),('20',239,'San Martín Huamelúlpam','0001','San Martín Huamelúlpam',0),('20',240,'San Martín Itunyoso','0001','San Martín Itunyoso',0),('20',241,'San Martín Lachilá','0001','San Martín Lachilá',0),('20',242,'San Martín Peras','0001','San Martín Peras',0),('20',243,'San Martín Tilcajete','0001','San Martín Tilcajete',0),('20',244,'San Martín Toxpalan','0001','San Martín Toxpalan',0),('20',245,'San Martín Zacatepec','0001','San Martín Zacatepec',0),('20',246,'San Mateo Cajonos','0001','San Mateo Cajonos',0),('20',247,'Capulálpam de Méndez','0001','Capulálpam de Méndez',0),('20',248,'San Mateo del Mar','0001','San Mateo del Mar',0),('20',249,'San Mateo Yoloxochitlán','0001','San Mateo Yoloxochitlán',0),('20',250,'San Mateo Etlatongo','0001','San Mateo Etlatongo',0),('20',251,'San Mateo Nejápam','0001','San Mateo Nejápam',0),('20',252,'San Mateo Peñasco','0001','San Mateo Peñasco',0),('20',253,'San Mateo Piñas','0001','San Mateo Piñas',0),('20',254,'San Mateo Río Hondo','0001','San Mateo Río Hondo',0),('20',255,'San Mateo Sindihui','0001','San Mateo Sindihui',0),('20',256,'San Mateo Tlapiltepec','0001','San Mateo Tlapiltepec',0),('20',257,'San Melchor Betaza','0001','San Melchor Betaza',0),('20',258,'San Miguel Achiutla','0001','San Miguel Achiutla',0),('20',259,'San Miguel Ahuehuetitlán','0001','San Miguel Ahuehuetitlán',0),('20',260,'San Miguel Aloápam','0001','San Miguel Aloápam',0),('20',261,'San Miguel Amatitlán','0001','San Miguel Amatitlán',0),('20',262,'San Miguel Amatlán','0001','San Miguel Amatlán',0),('20',263,'San Miguel Coatlán','0001','San Miguel Coatlán',0),('20',264,'San Miguel Chicahua','0001','San Miguel Chicahua',0),('20',265,'San Miguel Chimalapa','0001','San Miguel Chimalapa',0),('20',266,'San Miguel del Puerto','0001','San Miguel del Puerto',0),('20',267,'San Miguel del Río','0001','San Miguel del Río',0),('20',268,'San Miguel Ejutla','0001','San Miguel Ejutla',0),('20',269,'San Miguel el Grande','0001','San Miguel el Grande',0),('20',270,'San Miguel Huautla','0001','San Miguel Huautla',0),('20',271,'San Miguel Mixtepec','0001','San Miguel Mixtepec',0),('20',272,'San Miguel Panixtlahuaca','0001','San Miguel Panixtlahuaca',0),('20',273,'San Miguel Peras','0001','San Miguel Peras',0),('20',274,'San Miguel Piedras','0001','San Miguel Piedras',0),('20',275,'San Miguel Quetzaltepec','0001','San Miguel Quetzaltepec',0),('20',276,'San Miguel Santa Flor','0001','San Miguel Santa Flor',0),('20',277,'Villa Sola de Vega','0001','Villa Sola de Vega',0),('20',278,'San Miguel Soyaltepec','0001','Temascal',0),('20',279,'San Miguel Suchixtepec','0001','San Miguel Suchixtepec',0),('20',280,'Villa Talea de Castro','0001','Villa Talea de Castro',0),('20',281,'San Miguel Tecomatlán','0001','San Miguel Tecomatlán',0),('20',282,'San Miguel Tenango','0001','San Miguel Tenango',0),('20',283,'San Miguel Tequixtepec','0001','San Miguel Tequixtepec',0),('20',284,'San Miguel Tilquiápam','0001','San Miguel Tilquiápam',0),('20',285,'San Miguel Tlacamama','0001','San Miguel Tlacamama',0),('20',286,'San Miguel Tlacotepec','0001','San Miguel Tlacotepec',0),('20',287,'San Miguel Tulancingo','0001','San Miguel Tulancingo',0),('20',288,'San Miguel Yotao','0001','San Miguel Yotao',0),('20',289,'San Nicolás','0001','San Nicolás',0),('20',290,'San Nicolás Hidalgo','0001','San Nicolás Hidalgo',0),('20',291,'San Pablo Coatlán','0001','San Pablo Coatlán',0),('20',292,'San Pablo Cuatro Venados','0001','San Pablo Cuatro Venados',0),('20',293,'San Pablo Etla','0001','San Pablo Etla',0),('20',294,'San Pablo Huitzo','0001','San Pablo Huitzo',0),('20',295,'San Pablo Huixtepec','0001','San Pablo Huixtepec',0),('20',296,'San Pablo Macuiltianguis','0001','San Pablo Macuiltianguis',0),('20',297,'San Pablo Tijaltepec','0001','San Pablo Tijaltepec',0),('20',298,'San Pablo Villa de Mitla','0001','San Pablo Villa de Mitla',0),('20',299,'San Pablo Yaganiza','0001','San Pablo Yaganiza',0),('20',300,'San Pedro Amuzgos','0001','San Pedro Amuzgos',0),('20',301,'San Pedro Apóstol','0001','San Pedro Apóstol',0),('20',302,'San Pedro Atoyac','0001','San Pedro Atoyac',0),('20',303,'San Pedro Cajonos','0001','San Pedro Cajonos',0),('20',304,'San Pedro Coxcaltepec Cántaros','0001','San Pedro Coxcaltepec Cántaros',0),('20',305,'San Pedro Comitancillo','0001','San Pedro Comitancillo',0),('20',306,'San Pedro el Alto','0001','San Pedro el Alto',0),('20',307,'San Pedro Huamelula','0001','San Pedro Huamelula',0),('20',308,'San Pedro Huilotepec','0001','San Pedro Huilotepec',0),('20',309,'San Pedro Ixcatlán','0001','San Pedro Ixcatlán',0),('20',310,'San Pedro Ixtlahuaca','0001','San Pedro Ixtlahuaca',0),('20',311,'San Pedro Jaltepetongo','0001','San Pedro Jaltepetongo',0),('20',312,'San Pedro Jicayán','0001','San Pedro Jicayán',0),('20',313,'San Pedro Jocotipac','0001','San Pedro Jocotipac',0),('20',314,'San Pedro Juchatengo','0001','San Pedro Juchatengo',0),('20',315,'San Pedro Mártir','0001','San Pedro Mártir',0),('20',316,'San Pedro Mártir Quiechapa','0001','San Pedro Mártir Quiechapa',0),('20',317,'San Pedro Mártir Yucuxaco','0001','San Pedro Mártir Yucuxaco',0),('20',318,'San Pedro Mixtepec','0001','San Pedro Mixtepec Distrito 22',0),('20',319,'San Pedro Mixtepec','0001','San Pedro Mixtepec Distrito 26',0),('20',320,'San Pedro Molinos','0001','San Pedro Molinos',0),('20',321,'San Pedro Nopala','0001','San Pedro Nopala',0),('20',322,'San Pedro Ocopetatillo','0001','San Pedro Ocopetatillo',0),('20',323,'San Pedro Ocotepec','0001','San Pedro Ocotepec',0),('20',324,'San Pedro Pochutla','0001','San Pedro Pochutla',0),('20',325,'San Pedro Quiatoni','0001','San Pedro Quiatoni',0),('20',326,'San Pedro Sochiápam','0001','San Pedro Sochiápam',0),('20',327,'San Pedro Tapanatepec','0001','San Pedro Tapanatepec',0),('20',328,'San Pedro Taviche','0001','San Pedro Taviche',0),('20',329,'San Pedro Teozacoalco','0001','San Pedro Teozacoalco',0),('20',330,'San Pedro Teutila','0001','San Pedro Teutila',0),('20',331,'San Pedro Tidaá','0001','San Pedro Tidaá',0),('20',332,'San Pedro Topiltepec','0001','San Pedro Topiltepec',0),('20',333,'San Pedro Totolápam','0001','San Pedro Totolápam',0),('20',334,'Villa de Tututepec de Melchor Ocampo','0001','Villa de Tututepec de Melchor Ocampo',0),('20',335,'San Pedro Yaneri','0001','San Pedro Yaneri',0),('20',336,'San Pedro Yólox','0001','San Pedro Yólox',0),('20',337,'San Pedro y San Pablo Ayutla','0001','San Pedro y San Pablo Ayutla',0),('20',338,'Villa de Etla','0001','Villa de Etla',0),('20',339,'San Pedro y San Pablo Teposcolula','0001','San Pedro y San Pablo Teposcolula',0),('20',340,'San Pedro y San Pablo Tequixtepec','0001','San Pedro y San Pablo Tequixtepec',0),('20',341,'San Pedro Yucunama','0001','San Pedro Yucunama',0),('20',342,'San Raymundo Jalpan','0001','San Raymundo Jalpan',0),('20',343,'San Sebastián Abasolo','0001','San Sebastián Abasolo',0),('20',344,'San Sebastián Coatlán','0001','San Sebastián Coatlán',0),('20',345,'San Sebastián Ixcapa','0001','San Sebastián Ixcapa',0),('20',346,'San Sebastián Nicananduta','0001','San Sebastián Nicananduta',0),('20',347,'San Sebastián Río Hondo','0001','San Sebastián Río Hondo',0),('20',348,'San Sebastián Tecomaxtlahuaca','0001','San Sebastián Tecomaxtlahuaca',0),('20',349,'San Sebastián Teitipac','0001','San Sebastián Teitipac',0),('20',350,'San Sebastián Tutla','0001','San Sebastián Tutla',0),('20',351,'San Simón Almolongas','0001','San Simón Almolongas',0),('20',352,'San Simón Zahuatlán','0001','San Simón Zahuatlán',0),('20',353,'Santa Ana','0001','Santa Ana',0),('20',354,'Santa Ana Ateixtlahuaca','0001','Santa Ana Ateixtlahuaca',0),('20',355,'Santa Ana Cuauhtémoc','0001','Santa Ana Cuauhtémoc',0),('20',356,'Santa Ana del Valle','0001','Santa Ana del Valle',0),('20',357,'Santa Ana Tavela','0001','Santa Ana Tavela',0),('20',358,'Santa Ana Tlapacoyan','0001','Santa Ana Tlapacoyan',0),('20',359,'Santa Ana Yareni','0001','Santa Ana Yareni',0),('20',360,'Santa Ana Zegache','0001','Santa Ana Zegache',0),('20',361,'Santa Catalina Quierí','0001','Santa Catalina Quierí',0),('20',362,'Santa Catarina Cuixtla','0001','Santa Catarina Cuixtla',0),('20',363,'Santa Catarina Ixtepeji','0001','Santa Catarina Ixtepeji',0),('20',364,'Santa Catarina Juquila','0001','Santa Catarina Juquila',0),('20',365,'Santa Catarina Lachatao','0001','Santa Catarina Lachatao',0),('20',366,'Santa Catarina Loxicha','0001','Santa Catarina Loxicha',0),('20',367,'Santa Catarina Mechoacán','0001','Santa Catarina Mechoacán',0),('20',368,'Santa Catarina Minas','0001','Santa Catarina Minas',0),('20',369,'Santa Catarina Quiané','0001','Santa Catarina Quiané',0),('20',370,'Santa Catarina Tayata','0001','Santa Catarina Tayata',0),('20',371,'Santa Catarina Ticuá','0001','Santa Catarina Ticuá',0),('20',372,'Santa Catarina Yosonotú','0001','Santa Catarina Yosonotú',0),('20',373,'Santa Catarina Zapoquila','0001','Santa Catarina Zapoquila',0),('20',374,'Santa Cruz Acatepec','0001','Santa Cruz Acatepec',0),('20',375,'Santa Cruz Amilpas','0001','Santa Cruz Amilpas',0),('20',376,'Santa Cruz de Bravo','0001','Santa Cruz de Bravo',0),('20',377,'Santa Cruz Itundujia','0001','Santa Cruz Itundujia',0),('20',378,'Santa Cruz Mixtepec','0001','Santa Cruz Mixtepec',0),('20',379,'Santa Cruz Nundaco','0001','Santa Cruz Nundaco',0),('20',380,'Santa Cruz Papalutla','0001','Santa Cruz Papalutla',0),('20',381,'Santa Cruz Tacache de Mina','0001','Santa Cruz Tacache de Mina',0),('20',382,'Santa Cruz Tacahua','0001','Santa Cruz Tacahua',0),('20',383,'Santa Cruz Tayata','0001','Santa Cruz Tayata',0),('20',384,'Santa Cruz Xitla','0001','Santa Cruz Xitla',0),('20',385,'Santa Cruz Xoxocotlán','0001','Santa Cruz Xoxocotlán',0),('20',386,'Santa Cruz Zenzontepec','0001','Santa Cruz Zenzontepec',0),('20',387,'Santa Gertrudis','0001','Santa Gertrudis',0),('20',388,'Santa Inés del Monte','0001','Santa Inés del Monte',0),('20',389,'Santa Inés Yatzeche','0001','Santa Inés Yatzeche',0),('20',390,'Santa Lucía del Camino','0001','Santa Lucía del Camino',0),('20',391,'Santa Lucía Miahuatlán','0001','Santa Lucía Miahuatlán',0),('20',392,'Santa Lucía Monteverde','0001','Santa Lucía Monteverde',0),('20',393,'Santa Lucía Ocotlán','0001','Santa Lucía Ocotlán',0),('20',394,'Santa María Alotepec','0001','Santa María Alotepec',0),('20',395,'Santa María Apazco','0001','Santa María Apazco',0),('20',396,'Santa María la Asunción','0001','Santa María la Asunción',0),('20',397,'Heroica Ciudad de Tlaxiaco','0001','Heroica Ciudad de Tlaxiaco',0),('20',398,'Ayoquezco de Aldama','0001','Ayoquezco de Aldama',0),('20',399,'Santa María Atzompa','0001','Santa María Atzompa',0),('20',400,'Santa María Camotlán','0001','Santa María Camotlán',0),('20',401,'Santa María Colotepec','0001','Santa María Colotepec',0),('20',402,'Santa María Cortijo','0001','Santa María Cortijo',0),('20',403,'Santa María Coyotepec','0001','Santa María Coyotepec',0),('20',404,'Santa María Chachoápam','0001','Santa María Chachoápam',0),('20',405,'Villa de Chilapa de Díaz','0001','Villa de Chilapa de Díaz',0),('20',406,'Santa María Chilchotla','0001','Santa María Chilchotla',0),('20',407,'Santa María Chimalapa','0001','Santa María Chimalapa',0),('20',408,'Santa María del Rosario','0001','Santa María del Rosario',0),('20',409,'Santa María del Tule','0001','Santa María del Tule',0),('20',410,'Santa María Ecatepec','0001','Santa María Ecatepec',0),('20',411,'Santa María Guelacé','0001','Santa María Guelacé',0),('20',412,'Santa María Guienagati','0001','Santa María Guienagati',0),('20',413,'Santa María Huatulco','0001','Santa María Huatulco',0),('20',414,'Santa María Huazolotitlán','0001','Santa María Huazolotitlán',0),('20',415,'Santa María Ipalapa','0001','Santa María Ipalapa',0),('20',416,'Santa María Ixcatlán','0001','Santa María Ixcatlán',0),('20',417,'Santa María Jacatepec','0001','Santa María Jacatepec',0),('20',418,'Santa María Jalapa del Marqués','0001','Santa María Jalapa del Marqués',0),('20',419,'Santa María Jaltianguis','0001','Santa María Jaltianguis',0),('20',420,'Santa María Lachixío','0001','Santa María Lachixío',0),('20',421,'Santa María Mixtequilla','0001','Santa María Mixtequilla',0),('20',422,'Santa María Nativitas','0001','Santa María Nativitas',0),('20',423,'Santa María Nduayaco','0001','Santa María Nduayaco',0),('20',424,'Santa María Ozolotepec','0001','Santa María Ozolotepec',0),('20',425,'Santa María Pápalo','0001','Santa María Pápalo',0),('20',426,'Santa María Peñoles','0001','Santa María Peñoles',0),('20',427,'Santa María Petapa','0001','Santa María Petapa',0),('20',428,'Santa María Quiegolani','0001','Santa María Quiegolani',0),('20',429,'Santa María Sola','0001','Santa María Sola',0),('20',430,'Santa María Tataltepec','0001','Santa María Tataltepec',0),('20',431,'Santa María Tecomavaca','0001','Santa María Tecomavaca',0),('20',432,'Santa María Temaxcalapa','0001','Santa María Temaxcalapa',0),('20',433,'Santa María Temaxcaltepec','0001','Santa María Temaxcaltepec',0),('20',434,'Santa María Teopoxco','0001','Santa María Teopoxco',0),('20',435,'Santa María Tepantlali','0001','Santa María Tepantlali',0),('20',436,'Santa María Texcatitlán','0001','Santa María Texcatitlán',0),('20',437,'Santa María Tlahuitoltepec','0001','Santa María Tlahuitoltepec',0),('20',438,'Santa María Tlalixtac','0001','Santa María Tlalixtac',0),('20',439,'Santa María Tonameca','0001','Santa María Tonameca',0),('20',440,'Santa María Totolapilla','0001','Santa María Totolapilla',0),('20',441,'Santa María Xadani','0001','Santa María Xadani',0),('20',442,'Santa María Yalina','0001','Santa María Yalina',0),('20',443,'Santa María Yavesía','0001','Santa María Yavesía',0),('20',444,'Santa María Yolotepec','0001','Santa María Yolotepec',0),('20',445,'Santa María Yosoyúa','0001','Santa María Yosoyúa',0),('20',446,'Santa María Yucuhiti','0001','Santa María Yucuhiti',0),('20',447,'Santa María Zacatepec','0001','Santa María Zacatepec',0),('20',448,'Santa María Zaniza','0001','Santa María Zaniza',0),('20',449,'Santa María Zoquitlán','0001','Santa María Zoquitlán',0),('20',450,'Santiago Amoltepec','0001','Santiago Amoltepec',0),('20',451,'Santiago Apoala','0001','Santiago Apoala',0),('20',452,'Santiago Apóstol','0001','Santiago Apóstol',0),('20',453,'Santiago Astata','0001','Santiago Astata',0),('20',454,'Santiago Atitlán','0001','Santiago Atitlán',0),('20',455,'Santiago Ayuquililla','0001','Santiago Ayuquililla',0),('20',456,'Santiago Cacaloxtepec','0001','Santiago Cacaloxtepec',0),('20',457,'Santiago Camotlán','0001','Santiago Camotlán',0),('20',458,'Santiago Comaltepec','0001','Santiago Comaltepec',0),('20',459,'Santiago Chazumba','0001','Santiago Chazumba',0),('20',460,'Santiago Choápam','0001','Santiago Choápam',0),('20',461,'Santiago del Río','0001','Santiago del Río',0),('20',462,'Santiago Huajolotitlán','0001','Santiago Huajolotitlán',0),('20',463,'Santiago Huauclilla','0001','Santiago Huauclilla',0),('20',464,'Santiago Ihuitlán Plumas','0001','Santiago Ihuitlán Plumas',0),('20',465,'Santiago Ixcuintepec','0001','Santiago Ixcuintepec',0),('20',466,'Santiago Ixtayutla','0001','Santiago Ixtayutla',0),('20',467,'Santiago Jamiltepec','0001','Santiago Jamiltepec',0),('20',468,'Santiago Jocotepec','0019','Monte Negro',0),('20',469,'Santiago Juxtlahuaca','0001','Santiago Juxtlahuaca',0),('20',470,'Santiago Lachiguiri','0001','Santiago Lachiguiri',0),('20',471,'Santiago Lalopa','0001','Santiago Lalopa',0),('20',472,'Santiago Laollaga','0001','Santiago Laollaga',0),('20',473,'Santiago Laxopa','0001','Santiago Laxopa',0),('20',474,'Santiago Llano Grande','0001','Santiago Llano Grande',0),('20',475,'Santiago Matatlán','0001','Santiago Matatlán',0),('20',476,'Santiago Miltepec','0001','Santiago Miltepec',0),('20',477,'Santiago Minas','0001','Santiago Minas',0),('20',478,'Santiago Nacaltepec','0001','Santiago Nacaltepec',0),('20',479,'Santiago Nejapilla','0001','Santiago Nejapilla',0),('20',480,'Santiago Nundiche','0001','Santiago Nundiche',0),('20',481,'Santiago Nuyoó','0001','Santiago Nuyoó',0),('20',482,'Santiago Pinotepa Nacional','0001','Santiago Pinotepa Nacional',0),('20',483,'Santiago Suchilquitongo','0001','Santiago Suchilquitongo',0),('20',484,'Santiago Tamazola','0001','Santiago Tamazola',0),('20',485,'Santiago Tapextla','0001','Santiago Tapextla',0),('20',486,'Villa Tejúpam de la Unión','0001','Villa Tejúpam de la Unión',0),('20',487,'Santiago Tenango','0001','Santiago Tenango',0),('20',488,'Santiago Tepetlapa','0001','Santiago Tepetlapa',0),('20',489,'Santiago Tetepec','0001','Santiago Tetepec',0),('20',490,'Santiago Texcalcingo','0001','Santiago Texcalcingo',0),('20',491,'Santiago Textitlán','0001','Santiago Textitlán',0),('20',492,'Santiago Tilantongo','0001','Santiago Tilantongo',0),('20',493,'Santiago Tillo','0001','Santiago Tillo',0),('20',494,'Santiago Tlazoyaltepec','0001','Santiago Tlazoyaltepec',0),('20',495,'Santiago Xanica','0001','Santiago Xanica',0),('20',496,'Santiago Xiacuí','0001','Santiago Xiacuí',0),('20',497,'Santiago Yaitepec','0001','Santiago Yaitepec',0),('20',498,'Santiago Yaveo','0001','Santiago Yaveo',0),('20',499,'Santiago Yolomécatl','0001','Santiago Yolomécatl',0),('20',500,'Santiago Yosondúa','0001','Santiago Yosondúa',0),('20',501,'Santiago Yucuyachi','0001','Santiago Yucuyachi',0),('20',502,'Santiago Zacatepec','0001','Santiago Zacatepec',0),('20',503,'Santiago Zoochila','0001','Santiago Zoochila',0),('20',504,'Nuevo Zoquiápam','0001','Nuevo Zoquiápam',0),('20',505,'Santo Domingo Ingenio','0001','Santo Domingo Ingenio',0),('20',506,'Santo Domingo Albarradas','0001','Santo Domingo Albarradas',0),('20',507,'Santo Domingo Armenta','0001','Santo Domingo Armenta',0),('20',508,'Santo Domingo Chihuitán','0001','Santo Domingo Chihuitán',0),('20',509,'Santo Domingo de Morelos','0001','Santo Domingo de Morelos',0),('20',510,'Santo Domingo Ixcatlán','0001','Santo Domingo Ixcatlán',0),('20',511,'Santo Domingo Nuxaá','0001','Santo Domingo Nuxaá',0),('20',512,'Santo Domingo Ozolotepec','0001','Santo Domingo Ozolotepec',0),('20',513,'Santo Domingo Petapa','0001','Santo Domingo Petapa',0),('20',514,'Santo Domingo Roayaga','0001','Santo Domingo Roayaga',0),('20',515,'Santo Domingo Tehuantepec','0001','Santo Domingo Tehuantepec',0),('20',516,'Santo Domingo Teojomulco','0001','Santo Domingo Teojomulco',0),('20',517,'Santo Domingo Tepuxtepec','0001','Santo Domingo Tepuxtepec',0),('20',518,'Santo Domingo Tlatayápam','0001','Santo Domingo Tlatayápam',0),('20',519,'Santo Domingo Tomaltepec','0001','Santo Domingo Tomaltepec',0),('20',520,'Santo Domingo Tonalá','0001','Santo Domingo Tonalá',0),('20',521,'Santo Domingo Tonaltepec','0001','Santo Domingo Tonaltepec',0),('20',522,'Santo Domingo Xagacía','0001','Santo Domingo Xagacía',0),('20',523,'Santo Domingo Yanhuitlán','0001','Santo Domingo Yanhuitlán',0),('20',524,'Santo Domingo Yodohino','0001','Santo Domingo Yodohino',0),('20',525,'Santo Domingo Zanatepec','0001','Santo Domingo Zanatepec',0),('20',526,'Santos Reyes Nopala','0001','Santos Reyes Nopala',0),('20',527,'Santos Reyes Pápalo','0001','Santos Reyes Pápalo',0),('20',528,'Santos Reyes Tepejillo','0001','Santos Reyes Tepejillo',0),('20',529,'Santos Reyes Yucuná','0001','Santos Reyes Yucuná',0),('20',530,'Santo Tomás Jalieza','0001','Santo Tomás Jalieza',0),('20',531,'Santo Tomás Mazaltepec','0001','Santo Tomás Mazaltepec',0),('20',532,'Santo Tomás Ocotepec','0001','Santo Tomás Ocotepec',0),('20',533,'Santo Tomás Tamazulapan','0001','Santo Tomás Tamazulapan',0),('20',534,'San Vicente Coatlán','0001','San Vicente Coatlán',0),('20',535,'San Vicente Lachixío','0001','San Vicente Lachixío',0),('20',536,'San Vicente Nuñú','0001','San Vicente Nuñú',0),('20',537,'Silacayoápam','0001','Silacayoápam',0),('20',538,'Sitio de Xitlapehua','0001','Sitio de Xitlapehua',0),('20',539,'Soledad Etla','0001','Soledad Etla',0),('20',540,'Villa de Tamazulápam del Progreso','0001','Villa de Tamazulápam del Progreso',0),('20',541,'Tanetze de Zaragoza','0001','Tanetze de Zaragoza',0),('20',542,'Taniche','0001','Taniche',0),('20',543,'Tataltepec de Valdés','0001','Tataltepec de Valdés',0),('20',544,'Teococuilco de Marcos Pérez','0001','Teococuilco de Marcos Pérez',0),('20',545,'Teotitlán de Flores Magón','0001','Teotitlán de Flores Magón',0),('20',546,'Teotitlán del Valle','0001','Teotitlán del Valle',0),('20',547,'Teotongo','0001','Teotongo',0),('20',548,'Tepelmeme Villa de Morelos','0001','Tepelmeme Villa de Morelos',0),('20',549,'Heroica Villa Tezoatlán de Segura y Luna, Cuna de la Independencia de Oaxaca','0001','Heroica Villa Tezoatlán de Segura y Luna, Cuna de la Independencia de Oaxaca',0),('20',550,'San Jerónimo Tlacochahuaya','0001','San Jerónimo Tlacochahuaya',0),('20',551,'Tlacolula de Matamoros','0001','Tlacolula de Matamoros',0),('20',552,'Tlacotepec Plumas','0001','Tlacotepec Plumas',0),('20',553,'Tlalixtac de Cabrera','0001','Tlalixtac de Cabrera',0),('20',554,'Totontepec Villa de Morelos','0001','Totontepec Villa de Morelos',0),('20',555,'Trinidad Zaachila','0001','Trinidad Zaachila',0),('20',556,'La Trinidad Vista Hermosa','0001','La Trinidad Vista Hermosa',0),('20',557,'Unión Hidalgo','0001','Unión Hidalgo',0),('20',558,'Valerio Trujano','0001','Valerio Trujano',0),('20',559,'San Juan Bautista Valle Nacional','0001','San Juan Bautista Valle Nacional',0),('20',560,'Villa Díaz Ordaz','0001','Villa Díaz Ordaz',0),('20',561,'Yaxe','0001','Yaxe',0),('20',562,'Magdalena Yodocono de Porfirio Díaz','0001','Magdalena Yodocono de Porfirio Díaz',0),('20',563,'Yogana','0001','Yogana',0),('20',564,'Yutanduchi de Guerrero','0001','Yutanduchi de Guerrero',0),('20',565,'Villa de Zaachila','0001','Villa de Zaachila',0),('20',566,'San Mateo Yucutindoo','0009','San Mateo Yucutindoo',0),('20',567,'Zapotitlán Lagunas','0001','Zapotitlán Lagunas',0),('20',568,'Zapotitlán Palmas','0001','Zapotitlán Palmas',0),('20',569,'Santa Inés de Zaragoza','0001','Santa Inés de Zaragoza',0),('20',570,'Zimatlán de Álvarez','0001','Zimatlán de Álvarez',0),('21',1,'Acajete','0001','Acajete',0),('21',2,'Acateno','0001','San José Acateno',0),('21',3,'Acatlán','0001','Acatlán de Osorio',0),('21',4,'Acatzingo','0001','Acatzingo de Hidalgo',0),('21',5,'Acteopan','0001','Acteopan',0),('21',6,'Ahuacatlán','0001','Ahuacatlán',0),('21',7,'Ahuatlán','0001','Ahuatlán',0),('21',8,'Ahuazotepec','0001','Ahuazotepec',0),('21',9,'Ahuehuetitla','0001','Ahuehuetitla',0),('21',10,'Ajalpan','0001','Ciudad de Ajalpan',0),('21',11,'Albino Zertuche','0001','Acaxtlahuacán de Albino Zertuche',0),('21',12,'Aljojuca','0001','Aljojuca',0),('21',13,'Altepexi','0001','Altepexi',0),('21',14,'Amixtlán','0001','Amixtlán',0),('21',15,'Amozoc','0001','Amozoc de Mota',0),('21',16,'Aquixtla','0001','Aquixtla',0),('21',17,'Atempan','0001','Atempan',0),('21',18,'Atexcal','0001','San Martín Atexcal',0),('21',19,'Atlixco','0001','Atlixco',0),('21',20,'Atoyatempan','0001','Atoyatempan',0),('21',21,'Atzala','0001','Atzala',0),('21',22,'Atzitzihuacán','0001','Santiago Atzitzihuacán',0),('21',23,'Atzitzintla','0001','Atzitzintla',0),('21',24,'Axutla','0001','Axutla',0),('21',25,'Ayotoxco de Guerrero','0001','Ayotoxco de Guerrero',0),('21',26,'Calpan','0001','San Andrés Calpan',0),('21',27,'Caltepec','0001','Caltepec',0),('21',28,'Camocuautla','0001','Camocuautla',0),('21',29,'Caxhuacan','0001','Caxhuacan',0),('21',30,'Coatepec','0001','Coatepec',0),('21',31,'Coatzingo','0001','Coatzingo',0),('21',32,'Cohetzala','0001','Santa María Cohetzala',0),('21',33,'Cohuecan','0001','Cohuecan',0),('21',34,'Coronango','0001','Santa María Coronango',0),('21',35,'Coxcatlán','0001','Coxcatlán',0),('21',36,'Coyomeapan','0001','Santa María Coyomeapan',0),('21',37,'Coyotepec','0001','San Vicente Coyotepec',0),('21',38,'Cuapiaxtla de Madero','0001','Cuapiaxtla de Madero',0),('21',39,'Cuautempan','0001','San Esteban Cuautempan',0),('21',40,'Cuautinchán','0001','Cuautinchán',0),('21',41,'Cuautlancingo','0001','San Juan Cuautlancingo',0),('21',42,'Cuayuca de Andrade','0001','San Pedro Cuayuca',0),('21',43,'Cuetzalan del Progreso','0001','Ciudad de Cuetzalan',0),('21',44,'Cuyoaco','0001','Cuyoaco',0),('21',45,'Chalchicomula de Sesma','0001','Ciudad Serdán',0),('21',46,'Chapulco','0001','Chapulco',0),('21',47,'Chiautla','0001','Ciudad de Chiautla de Tapia',0),('21',48,'Chiautzingo','0001','San Lorenzo Chiautzingo',0),('21',49,'Chiconcuautla','0001','Chiconcuautla',0),('21',50,'Chichiquila','0001','Chichiquila',0),('21',51,'Chietla','0001','Chietla',0),('21',52,'Chigmecatitlán','0001','Chigmecatitlán',0),('21',53,'Chignahuapan','0001','Ciudad de Chignahuapan',0),('21',54,'Chignautla','0001','Chignautla',0),('21',55,'Chila','0001','Chila',0),('21',56,'Chila de la Sal','0001','Chila de la Sal',0),('21',57,'Honey','0001','Honey',0),('21',58,'Chilchotla','0001','Rafael J. García',0),('21',59,'Chinantla','0001','Chinantla',0),('21',60,'Domingo Arenas','0001','Domingo Arenas',0),('21',61,'Eloxochitlán','0001','Eloxochitlán',0),('21',62,'Epatlán','0001','San Juan Epatlán',0),('21',63,'Esperanza','0001','Esperanza',0),('21',64,'Francisco Z. Mena','0001','Metlaltoyuca',0),('21',65,'General Felipe Ángeles','0001','San Pablo de las Tunas',0),('21',66,'Guadalupe','0001','Guadalupe',0),('21',67,'Guadalupe Victoria','0001','Guadalupe Victoria',0),('21',68,'Hermenegildo Galeana','0001','Bienvenido',0),('21',69,'Huaquechula','0001','Huaquechula',0),('21',70,'Huatlatlauca','0001','Huatlatlauca',0),('21',71,'Huauchinango','0001','Huauchinango',0),('21',72,'Huehuetla','0001','Huehuetla',0),('21',73,'Huehuetlán el Chico','0001','Huehuetlán el Chico',0),('21',74,'Huejotzingo','0001','Huejotzingo',0),('21',75,'Hueyapan','0001','Hueyapan',0),('21',76,'Hueytamalco','0001','Hueytamalco',0),('21',77,'Hueytlalpan','0001','Hueytlalpan',0),('21',78,'Huitzilan de Serdán','0001','Huitzilan',0),('21',79,'Huitziltepec','0001','Santa Clara Huitziltepec',0),('21',80,'Atlequizayan','0001','Atlequizayan',0),('21',81,'Ixcamilpa de Guerrero','0001','Ixcamilpa',0),('21',82,'Ixcaquixtla','0001','San Juan Ixcaquixtla',0),('21',83,'Ixtacamaxtitlán','0001','Ixtacamaxtitlán',0),('21',84,'Ixtepec','0001','Ixtepec',0),('21',85,'Izúcar de Matamoros','0001','Izúcar de Matamoros',0),('21',86,'Jalpan','0001','Jalpan',0),('21',87,'Jolalpan','0001','Jolalpan',0),('21',88,'Jonotla','0001','Jonotla',0),('21',89,'Jopala','0001','Jopala',0),('21',90,'Juan C. Bonilla','0001','Cuanalá',0),('21',91,'Juan Galindo','0001','Nuevo Necaxa',0),('21',92,'Juan N. Méndez','0001','Atenayuca',0),('21',93,'Lafragua','0001','Saltillo',0),('21',94,'Libres','0001','Ciudad de Libres',0),('21',95,'La Magdalena Tlatlauquitepec','0001','La Magdalena Tlatlauquitepec',0),('21',96,'Mazapiltepec de Juárez','0001','Mazapiltepec de Juárez',0),('21',97,'Mixtla','0001','San Francisco Mixtla',0),('21',98,'Molcaxac','0001','Molcaxac',0),('21',99,'Cañada Morelos','0001','Morelos Cañada',0),('21',100,'Naupan','0001','Naupan',0),('21',101,'Nauzontla','0001','Nauzontla',0),('21',102,'Nealtican','0001','San Buenaventura Nealtican',0),('21',103,'Nicolás Bravo','0001','Nicolás Bravo',0),('21',104,'Nopalucan','0001','Nopalucan de la Granja',0),('21',105,'Ocotepec','0001','Ocotepec',0),('21',106,'Ocoyucan','0001','Santa Clara Ocoyucan',0),('21',107,'Olintla','0001','Olintla',0),('21',108,'Oriental','0001','Oriental',0),('21',109,'Pahuatlán','0001','Ciudad de Pahuatlán de Valle',0),('21',110,'Palmar de Bravo','0001','Palmar de Bravo',0),('21',111,'Pantepec','0001','Pantepec',0),('21',112,'Petlalcingo','0001','Petlalcingo',0),('21',113,'Piaxtla','0001','Piaxtla',0),('21',114,'Puebla','0001','Heróica Puebla de Zaragoza',1),('21',115,'Quecholac','0001','Quecholac',0),('21',116,'Quimixtlán','0001','Quimixtlán',0),('21',117,'Rafael Lara Grajales','0001','Ciudad de Rafael Lara Grajales',0),('21',118,'Los Reyes de Juárez','0001','Los Reyes de Juárez',0),('21',119,'San Andrés Cholula','0001','San Andrés Cholula',0),('21',120,'San Antonio Cañada','0001','San Antonio Cañada',0),('21',121,'San Diego la Mesa Tochimiltzingo','0001','Tochimiltzingo',0),('21',122,'San Felipe Teotlalcingo','0001','San Felipe Teotlalcingo',0),('21',123,'San Felipe Tepatlán','0001','San Felipe Tepatlán',0),('21',124,'San Gabriel Chilac','0001','San Gabriel Chilac',0),('21',125,'San Gregorio Atzompa','0001','San Gregorio Atzompa',0),('21',126,'San Jerónimo Tecuanipan','0001','San Jerónimo Tecuanipan',0),('21',127,'San Jerónimo Xayacatlán','0001','San Jerónimo Xayacatlán',0),('21',128,'San José Chiapa','0001','San José Chiapa',0),('21',129,'San José Miahuatlán','0001','San José Miahuatlán',0),('21',130,'San Juan Atenco','0001','San Juan Atenco',0),('21',131,'San Juan Atzompa','0001','San Juan Atzompa',0),('21',132,'San Martín Texmelucan','0001','San Martín Texmelucan de Labastida',0),('21',133,'San Martín Totoltepec','0001','San Martín Totoltepec',0),('21',134,'San Matías Tlalancaleca','0001','San Matías Tlalancaleca',0),('21',135,'San Miguel Ixitlán','0001','San Miguel Ixitlán',0),('21',136,'San Miguel Xoxtla','0001','San Miguel Xoxtla',0),('21',137,'San Nicolás Buenos Aires','0001','San Nicolás Buenos Aires',0),('21',138,'San Nicolás de los Ranchos','0001','San Nicolás de los Ranchos',0),('21',139,'San Pablo Anicano','0001','San Pablo Anicano',0),('21',140,'San Pedro Cholula','0001','Cholula de Rivadavia',0),('21',141,'San Pedro Yeloixtlahuaca','0001','San Pedro Yeloixtlahuaca',0),('21',142,'San Salvador el Seco','0001','San Salvador el Seco',0),('21',143,'San Salvador el Verde','0001','San Salvador el Verde',0),('21',144,'San Salvador Huixcolotla','0001','San Salvador Huixcolotla',0),('21',145,'San Sebastián Tlacotepec','0001','Tlacotepec de Porfirio Díaz',0),('21',146,'Santa Catarina Tlaltempan','0001','Santa Catarina Tlaltempan',0),('21',147,'Santa Inés Ahuatempan','0001','Santa Inés Ahuatempan',0),('21',148,'Santa Isabel Cholula','0001','Santa Isabel Cholula',0),('21',149,'Santiago Miahuatlán','0001','Santiago Miahuatlán',0),('21',150,'Huehuetlán el Grande','0001','Santo Domingo Huehuetlán',0),('21',151,'Santo Tomás Hueyotlipan','0001','Santo Tomás Hueyotlipan',0),('21',152,'Soltepec','0001','Soltepec',0),('21',153,'Tecali de Herrera','0001','Tecali de Herrera',0),('21',154,'Tecamachalco','0001','Tecamachalco',0),('21',155,'Tecomatlán','0001','Tecomatlán',0),('21',156,'Tehuacán','0001','Tehuacán',0),('21',157,'Tehuitzingo','0001','Tehuitzingo',0),('21',158,'Tenampulco','0001','Tenampulco',0),('21',159,'Teopantlán','0001','Teopantlán',0),('21',160,'Teotlalco','0001','Teotlalco',0),('21',161,'Tepanco de López','0001','Tepanco de López',0),('21',162,'Tepango de Rodríguez','0001','Tepango de Rodríguez',0),('21',163,'Tepatlaxco de Hidalgo','0001','Tepatlaxco de Hidalgo',0),('21',164,'Tepeaca','0001','Tepeaca',0),('21',165,'Tepemaxalco','0001','San Felipe Tepemaxalco',0),('21',166,'Tepeojuma','0001','Tepeojuma',0),('21',167,'Tepetzintla','0001','Tepetzintla',0),('21',168,'Tepexco','0001','Tepexco',0),('21',169,'Tepexi de Rodríguez','0001','Tepexi de Rodríguez',0),('21',170,'Tepeyahualco','0001','Tepeyahualco',0),('21',171,'Tepeyahualco de Cuauhtémoc','0001','Tepeyahualco de Cuauhtémoc',0),('21',172,'Tetela de Ocampo','0001','Ciudad de Tetela de Ocampo',0),('21',173,'Teteles de Avila Castillo','0001','Teteles de Avila Castillo',0),('21',174,'Teziutlán','0001','Teziutlán',0),('21',175,'Tianguismanalco','0001','Tianguismanalco',0),('21',176,'Tilapa','0001','Tilapa',0),('21',177,'Tlacotepec de Benito Juárez','0001','Tlacotepec de Benito Juárez',0),('21',178,'Tlacuilotepec','0001','Tlacuilotepec',0),('21',179,'Tlachichuca','0001','Tlachichuca',0),('21',180,'Tlahuapan','0001','Santa Rita Tlahuapan',0),('21',181,'Tlaltenango','0001','Tlaltenango',0),('21',182,'Tlanepantla','0001','Tlanepantla',0),('21',183,'Tlaola','0001','Tlaola',0),('21',184,'Tlapacoya','0001','Tlapacoya',0),('21',185,'Tlapanalá','0001','Tlapanalá',0),('21',186,'Tlatlauquitepec','0001','Ciudad de Tlatlauquitepec',0),('21',187,'Tlaxco','0001','Tlaxco',0),('21',188,'Tochimilco','0001','Tochimilco',0),('21',189,'Tochtepec','0001','Tochtepec',0),('21',190,'Totoltepec de Guerrero','0001','Totoltepec de Guerrero',0),('21',191,'Tulcingo','0001','Tulcingo de Valle',0),('21',192,'Tuzamapan de Galeana','0001','Tuzamapan de Galeana',0),('21',193,'Tzicatlacoyan','0001','Tzicatlacoyan',0),('21',194,'Venustiano Carranza','0001','Venustiano Carranza',0),('21',195,'Vicente Guerrero','0001','Santa María del Monte',0),('21',196,'Xayacatlán de Bravo','0001','Xayacatlán de Bravo',0),('21',197,'Xicotepec','0001','Xicotepec de Juárez',0),('21',198,'Xicotlán','0001','Xicotlán',0),('21',199,'Xiutetelco','0001','San Juan Xiutetelco',0),('21',200,'Xochiapulco','0001','Cinco de Mayo',0),('21',201,'Xochiltepec','0001','Xochiltepec',0),('21',202,'Xochitlán de Vicente Suárez','0001','Xochitlán de Vicente Suárez',0),('21',203,'Xochitlán Todos Santos','0001','Xochitlán',0),('21',204,'Yaonáhuac','0001','Yaonáhuac',0),('21',205,'Yehualtepec','0001','Yehualtepec',0),('21',206,'Zacapala','0001','Zacapala',0),('21',207,'Zacapoaxtla','0001','Zacapoaxtla',0),('21',208,'Zacatlán','0001','Zacatlán',0),('21',209,'Zapotitlán','0001','Zapotitlán Salinas',0),('21',210,'Zapotitlán de Méndez','0001','Zapotitlán de Méndez',0),('21',211,'Zaragoza','0001','Zaragoza',0),('21',212,'Zautla','0001','Santiago Zautla',0),('21',213,'Zihuateutla','0001','Zihuateutla',0),('21',214,'Zinacatepec','0001','San Sebastián Zinacatepec',0),('21',215,'Zongozotla','0001','Zongozotla',0),('21',216,'Zoquiapan','0001','Zoquiapan',0),('21',217,'Zoquitlán','0001','Zoquitlán',0),('22',1,'Amealco de Bonfil','0001','Amealco de Bonfil',0),('22',2,'Pinal de Amoles','0001','Pinal de Amoles',0),('22',3,'Arroyo Seco','0001','Arroyo Seco',0),('22',4,'Cadereyta de Montes','0001','Cadereyta de Montes',0),('22',5,'Colón','0001','Colón',0),('22',6,'Corregidora','0001','El Pueblito',0),('22',7,'Ezequiel Montes','0001','Ezequiel Montes',0),('22',8,'Huimilpan','0001','Huimilpan',0),('22',9,'Jalpan de Serra','0001','Jalpan de Serra',0),('22',10,'Landa de Matamoros','0001','Landa de Matamoros',0),('22',11,'El Marqués','0001','La Cañada',6),('22',12,'Pedro Escobedo','0001','Pedro Escobedo',0),('22',13,'Peñamiller','0001','Peñamiller',0),('22',14,'Querétaro','0001','Santiago de Querétaro',3),('22',15,'San Joaquín','0001','San Joaquín',0),('22',16,'San Juan del Río','0001','San Juan del Río',0),('22',17,'Tequisquiapan','0001','Tequisquiapan',-1),('22',18,'Tolimán','0001','Tolimán',0),('23',1,'Cozumel','0001','Cozumel',0),('23',2,'Felipe Carrillo Puerto','0001','Felipe Carrillo Puerto',0),('23',3,'Isla Mujeres','0001','Isla Mujeres',0),('23',4,'Othón P. Blanco','0001','Chetumal',0),('23',5,'Benito Juárez','0001','Cancún',1),('23',6,'José María Morelos','0069','José María Morelos',0),('23',7,'Lázaro Cárdenas','0001','Kantunilkín',0),('23',8,'Solidaridad','0001','Playa del Carmen',0),('23',9,'Tulum','0001','Tulum',0),('23',10,'Bacalar','0001','Bacalar',0),('24',1,'Ahualulco','0001','Ahualulco del Sonido 13',0),('24',2,'Alaquines','0001','Alaquines',0),('24',3,'Aquismón','0001','Aquismón',0),('24',4,'Armadillo de los Infante','0001','Armadillo de los Infante',0),('24',5,'Cárdenas','0001','Cárdenas',0),('24',6,'Catorce','0001','Real de Catorce',0),('24',7,'Cedral','0001','Cedral',0),('24',8,'Cerritos','0001','Cerritos',0),('24',9,'Cerro de San Pedro','0001','Cerro de San Pedro',0),('24',10,'Ciudad del Maíz','0001','Ciudad del Maíz',0),('24',11,'Ciudad Fernández','0001','Ciudad Fernández',0),('24',12,'Tancanhuitz','0001','Tancanhuitz',0),('24',13,'Ciudad Valles','0001','Ciudad Valles',0),('24',14,'Coxcatlán','0001','Coxcatlán',0),('24',15,'Charcas','0001','Charcas',0),('24',16,'Ebano','0001','Ebano',0),('24',17,'Guadalcázar','0001','Guadalcázar',0),('24',18,'Huehuetlán','0001','Huehuetlán',0),('24',19,'Lagunillas','0001','Lagunillas',0),('24',20,'Matehuala','0001','Matehuala',0),('24',21,'Mexquitic de Carmona','0001','Mexquitic de Carmona',0),('24',22,'Moctezuma','0001','Moctezuma',0),('24',23,'Rayón','0001','Rayón',0),('24',24,'Rioverde','0001','Rioverde',0),('24',25,'Salinas','0001','Salinas de Hidalgo',0),('24',26,'San Antonio','0001','San Antonio',0),('24',27,'San Ciro de Acosta','0001','San Ciro de Acosta',0),('24',28,'San Luis Potosí','0001','San Luis Potosí',1),('24',29,'San Martín Chalchicuautla','0001','San Martín Chalchicuautla',1),('24',30,'San Nicolás Tolentino','0001','San Nicolás Tolentino',0),('24',31,'Santa Catarina','0001','Santa Catarina',0),('24',32,'Santa María del Río','0001','Santa María del Río',0),('24',33,'Santo Domingo','0001','Santo Domingo',0),('24',34,'San Vicente Tancuayalab','0001','San Vicente Tancuayalab',0),('24',35,'Soledad de Graciano Sánchez','0001','Soledad de Graciano Sánchez',0),('24',36,'Tamasopo','0001','Tamasopo',0),('24',37,'Tamazunchale','0001','Tamazunchale',0),('24',38,'Tampacán','0001','Tampacán',0),('24',39,'Tampamolón Corona','0001','Tampamolón Corona',0),('24',40,'Tamuín','0001','Tamuín',0),('24',41,'Tanlajás','0001','Tanlajás',0),('24',42,'Tanquián de Escobedo','0001','Tanquián de Escobedo',0),('24',43,'Tierra Nueva','0001','Tierra Nueva',0),('24',44,'Vanegas','0001','Vanegas',0),('24',45,'Venado','0001','Venado',0),('24',46,'Villa de Arriaga','0001','Villa de Arriaga',0),('24',47,'Villa de Guadalupe','0001','Villa de Guadalupe',0),('24',48,'Villa de la Paz','0001','Villa de la Paz',0),('24',49,'Villa de Ramos','0001','Villa de Ramos',0),('24',50,'Villa de Reyes','0001','Villa de Reyes',0),('24',51,'Villa Hidalgo','0001','Villa Hidalgo',0),('24',52,'Villa Juárez','0001','Villa Juárez',0),('24',53,'Axtla de Terrazas','0001','Axtla de Terrazas',0),('24',54,'Xilitla','0001','Xilitla',0),('24',55,'Zaragoza','0001','Villa de Zaragoza',0),('24',56,'Villa de Arista','0002','Villa de Arista',0),('24',57,'Matlapa','0001','Matlapa',0),('24',58,'El Naranjo','0001','El Naranjo',0),('25',1,'Ahome','0001','Los Mochis',0),('25',2,'Angostura','0001','Angostura',0),('25',3,'Badiraguato','0001','Badiraguato',0),('25',4,'Concordia','0001','Concordia',0),('25',5,'Cosalá','0001','Cosalá',0),('25',6,'Culiacán','0001','Culiacán Rosales',0),('25',7,'Choix','0001','Choix',0),('25',8,'Elota','0001','La Cruz',0),('25',9,'Escuinapa','0001','Escuinapa de Hidalgo',0),('25',10,'El Fuerte','0001','El Fuerte',0),('25',11,'Guasave','0001','Guasave',0),('25',12,'Mazatlán','0001','Mazatlán',0),('25',13,'Mocorito','0001','Mocorito',0),('25',14,'Rosario','0001','El Rosario',0),('25',15,'Salvador Alvarado','0001','Guamúchil',0),('25',16,'San Ignacio','0001','San Ignacio',0),('25',17,'Sinaloa','0001','Sinaloa de Leyva',0),('25',18,'Navolato','0001','Navolato',0),('26',1,'Aconchi','0001','Aconchi',0),('26',2,'Agua Prieta','0001','Agua Prieta',0),('26',3,'Alamos','0001','Alamos',0),('26',4,'Altar','0001','Altar',0),('26',5,'Arivechi','0001','Arivechi',0),('26',6,'Arizpe','0001','Arizpe',0),('26',7,'Atil','0001','Atil',0),('26',8,'Bacadéhuachi','0001','Bacadéhuachi',0),('26',9,'Bacanora','0001','Bacanora',0),('26',10,'Bacerac','0001','Bacerac',0),('26',11,'Bacoachi','0001','Bacoachi',0),('26',12,'Bácum','0001','Bácum',0),('26',13,'Banámichi','0001','Banámichi',0),('26',14,'Baviácora','0001','Baviácora',0),('26',15,'Bavispe','0001','Bavispe',0),('26',16,'Benjamín Hill','0001','Benjamín Hill',0),('26',17,'Caborca','0001','Heroica Caborca',0),('26',18,'Cajeme','0001','Ciudad Obregón',0),('26',19,'Cananea','0001','Heroica Ciudad de Cananea',0),('26',20,'Carbó','0001','Carbó',0),('26',21,'La Colorada','0001','La Colorada',0),('26',22,'Cucurpe','0001','Cucurpe',0),('26',23,'Cumpas','0001','Cumpas',0),('26',24,'Divisaderos','0001','Divisaderos',0),('26',25,'Empalme','0001','Empalme',0),('26',26,'Etchojoa','0001','Etchojoa',0),('26',27,'Fronteras','0001','Fronteras',0),('26',28,'Granados','0001','Granados',0),('26',29,'Guaymas','0001','Heroica Guaymas',0),('26',30,'Hermosillo','0001','Hermosillo',0),('26',31,'Huachinera','0001','Huachinera',0),('26',32,'Huásabas','0001','Huásabas',0),('26',33,'Huatabampo','0001','Huatabampo',0),('26',34,'Huépac','0001','Huépac',0),('26',35,'Imuris','0001','Imuris',0),('26',36,'Magdalena','0001','Magdalena de Kino',0),('26',37,'Mazatán','0001','Mazatán',0),('26',38,'Moctezuma','0001','Moctezuma',0),('26',39,'Naco','0001','Naco',0),('26',40,'Nácori Chico','0001','Nácori Chico',0),('26',41,'Nacozari de García','0001','Nacozari de García',0),('26',42,'Navojoa','0001','Navojoa',0),('26',43,'Nogales','0001','Heroica Nogales',0),('26',44,'Onavas','0001','Onavas',0),('26',45,'Opodepe','0001','Opodepe',0),('26',46,'Oquitoa','0001','Oquitoa',0),('26',47,'Pitiquito','0001','Pitiquito',0),('26',48,'Puerto Peñasco','0001','Puerto Peñasco',0),('26',49,'Quiriego','0001','Quiriego',0),('26',50,'Rayón','0001','Rayón',0),('26',51,'Rosario','0001','Rosario',0),('26',52,'Sahuaripa','0001','Sahuaripa',0),('26',53,'San Felipe de Jesús','0001','San Felipe de Jesús',0),('26',54,'San Javier','0001','San Javier',0),('26',55,'San Luis Río Colorado','0001','San Luis Río Colorado',0),('26',56,'San Miguel de Horcasitas','0001','San Miguel de Horcasitas',0),('26',57,'San Pedro de la Cueva','0001','San Pedro de la Cueva',0),('26',58,'Santa Ana','0001','Santa Ana',0),('26',59,'Santa Cruz','0001','Santa Cruz',0),('26',60,'Sáric','0001','Sáric',0),('26',61,'Soyopa','0001','Soyopa',0),('26',62,'Suaqui Grande','0001','Suaqui Grande',0),('26',63,'Tepache','0001','Tepache',0),('26',64,'Trincheras','0001','Trincheras',0),('26',65,'Tubutama','0001','Tubutama',0),('26',66,'Ures','0001','Heroica Ciudad de Ures',0),('26',67,'Villa Hidalgo','0001','Villa Hidalgo',0),('26',68,'Villa Pesqueira','0001','Villa Pesqueira (Mátape)',0),('26',69,'Yécora','0001','Yécora',0),('26',70,'General Plutarco Elías Calles','0001','Sonoita',0),('26',71,'Benito Juárez','0001','Villa Juárez',0),('26',72,'San Ignacio Río Muerto','0001','San Ignacio Río Muerto',0),('27',1,'Balancán','0001','Balancán',0),('27',2,'Cárdenas','0001','Cárdenas',0),('27',3,'Centla','0001','Frontera',0),('27',4,'Centro','0001','Villahermosa',0),('27',5,'Comalcalco','0001','Comalcalco',0),('27',6,'Cunduacán','0001','Cunduacán',0),('27',7,'Emiliano Zapata','0001','Emiliano Zapata',0),('27',8,'Huimanguillo','0001','Huimanguillo',0),('27',9,'Jalapa','0001','Jalapa',0),('27',10,'Jalpa de Méndez','0001','Jalpa de Méndez',0),('27',11,'Jonuta','0001','Jonuta',0),('27',12,'Macuspana','0001','Macuspana',0),('27',13,'Nacajuca','0001','Nacajuca',0),('27',14,'Paraíso','0001','Paraíso',0),('27',15,'Tacotalpa','0001','Tacotalpa',0),('27',16,'Teapa','0001','Teapa',0),('27',17,'Tenosique','0001','Tenosique de Pino Suárez',0),('28',1,'Abasolo','0001','Abasolo',0),('28',2,'Aldama','0001','Aldama',0),('28',3,'Altamira','0001','Altamira',0),('28',4,'Antiguo Morelos','0001','Antiguo Morelos',0),('28',5,'Burgos','0001','Burgos',0),('28',6,'Bustamante','0001','Bustamante',0),('28',7,'Camargo','0001','Ciudad Camargo',0),('28',8,'Casas','0001','Casas',0),('28',9,'Ciudad Madero','0001','Ciudad Madero',0),('28',10,'Cruillas','0001','Cruillas',0),('28',11,'Gómez Farías','0036','Gómez Farías',0),('28',12,'González','0001','González',0),('28',13,'Güémez','0001','Güémez',0),('28',14,'Guerrero','0001','Nueva Ciudad Guerrero',0),('28',15,'Gustavo Díaz Ordaz','0001','Ciudad Gustavo Díaz Ordaz',0),('28',16,'Hidalgo','0001','Hidalgo',0),('28',17,'Jaumave','0001','Jaumave',0),('28',18,'Jiménez','0001','Santander Jiménez',0),('28',19,'Llera','0001','Llera de Canales',0),('28',20,'Mainero','0001','Villa Mainero',0),('28',21,'El Mante','0001','Ciudad Mante',0),('28',22,'Matamoros','0001','Heroica Matamoros',0),('28',23,'Méndez','0001','Méndez',0),('28',24,'Mier','0001','Mier',0),('28',25,'Miguel Alemán','0001','Ciudad Miguel Alemán',0),('28',26,'Miquihuana','0001','Miquihuana',0),('28',27,'Nuevo Laredo','0001','Nuevo Laredo',0),('28',28,'Nuevo Morelos','0001','Nuevo Morelos',0),('28',29,'Ocampo','0001','Ocampo',0),('28',30,'Padilla','0001','Nueva Villa de Padilla',0),('28',31,'Palmillas','0001','Palmillas',0),('28',32,'Reynosa','0001','Reynosa',0),('28',33,'Río Bravo','0001','Ciudad Río Bravo',0),('28',34,'San Carlos','0001','San Carlos',0),('28',35,'San Fernando','0001','San Fernando',0),('28',36,'San Nicolás','0001','San Nicolás',0),('28',37,'Soto la Marina','0001','Soto la Marina',0),('28',38,'Tampico','0001','Tampico',0),('28',39,'Tula','0001','Ciudad Tula',0),('28',40,'Valle Hermoso','0001','Valle Hermoso',0),('28',41,'Victoria','0001','Ciudad Victoria',0),('28',42,'Villagrán','0001','Villagrán',0),('28',43,'Xicoténcatl','0001','Xicoténcatl',0),('29',1,'Amaxac de Guerrero','0001','Amaxac de Guerrero',0),('29',2,'Apetatitlán de Antonio Carvajal','0001','Apetatitlán',0),('29',3,'Atlangatepec','0001','Atlangatepec',0),('29',4,'Atltzayanca','0001','Atlzayanca',0),('29',5,'Apizaco','0001','Ciudad de Apizaco',0),('29',6,'Calpulalpan','0001','Calpulalpan',0),('29',7,'El Carmen Tequexquitla','0001','Villa de El Carmen Tequexquitla',0),('29',8,'Cuapiaxtla','0001','Cuapiaxtla',0),('29',9,'Cuaxomulco','0001','Cuaxomulco',0),('29',10,'Chiautempan','0001','Santa Ana Chiautempan',0),('29',11,'Muñoz de Domingo Arenas','0001','Muñoz',0),('29',12,'Españita','0001','Españita',0),('29',13,'Huamantla','0001','Huamantla',0),('29',14,'Hueyotlipan','0001','Hueyotlipan',0),('29',15,'Ixtacuixtla de Mariano Matamoros','0001','Villa Mariano Matamoros',0),('29',16,'Ixtenco','0001','Ixtenco',0),('29',17,'Mazatecochco de José María Morelos','0001','Mazatecochco',0),('29',18,'Contla de Juan Cuamatzi','0001','Contla',0),('29',19,'Tepetitla de Lardizábal','0001','Tepetitla',0),('29',20,'Sanctórum de Lázaro Cárdenas','0001','Sanctórum',0),('29',21,'Nanacamilpa de Mariano Arista','0001','Ciudad de Nanacamilpa',0),('29',22,'Acuamanala de Miguel Hidalgo','0001','Acuamanala',0),('29',23,'Natívitas','0001','Natívitas',0),('29',24,'Panotla','0001','Panotla',0),('29',25,'San Pablo del Monte','0001','Villa Vicente Guerrero',0),('29',26,'Santa Cruz Tlaxcala','0001','Santa Cruz Tlaxcala',0),('29',27,'Tenancingo','0001','Tenancingo',0),('29',28,'Teolocholco','0001','Teolocholco',0),('29',29,'Tepeyanco','0001','Tepeyanco',0),('29',30,'Terrenate','0001','Terrenate',0),('29',31,'Tetla de la Solidaridad','0001','Tetla',0),('29',32,'Tetlatlahuca','0001','Tetlatlahuca',0),('29',33,'Tlaxcala','0001','Tlaxcala de Xicohténcatl',0),('29',34,'Tlaxco','0001','Tlaxco',0),('29',35,'Tocatlán','0001','Tocatlán',0),('29',36,'Totolac','0001','San Juan Totolac',0),('29',37,'Ziltlaltépec de Trinidad Sánchez Santos','0001','Zitlaltépec',0),('29',38,'Tzompantepec','0001','Tzompantepec',0),('29',39,'Xaloztoc','0001','Xaloztoc',0),('29',40,'Xaltocan','0001','Xaltocan',0),('29',41,'Papalotla de Xicohténcatl','0001','Papalotla',0),('29',42,'Xicohtzinco','0001','Xicohtzinco',0),('29',43,'Yauhquemehcan','0001','San Dionisio Yauhquemehcan',0),('29',44,'Zacatelco','0001','Zacatelco',0),('29',45,'Benito Juárez','0001','Benito Juárez',0),('29',46,'Emiliano Zapata','0001','Emiliano Zapata',0),('29',47,'Lázaro Cárdenas','0001','Lázaro Cárdenas',0),('29',48,'La Magdalena Tlaltelulco','0001','La Magdalena Tlaltelulco',0),('29',49,'San Damián Texóloc','0001','San Damián Texóloc',0),('29',50,'San Francisco Tetlanohcan','0001','San Francisco Tetlanohcan',0),('29',51,'San Jerónimo Zacualpan','0001','San Jerónimo Zacualpan',0),('29',52,'San José Teacalco','0001','San José Teacalco',0),('29',53,'San Juan Huactzinco','0001','San Juan Huactzinco',0),('29',54,'San Lorenzo Axocomanitla','0001','San Lorenzo Axocomanitla',0),('29',55,'San Lucas Tecopilco','0001','San Lucas Tecopilco',0),('29',56,'Santa Ana Nopalucan','0001','Santa Ana Nopalucan',0),('29',57,'Santa Apolonia Teacalco','0001','Santa Apolonia Teacalco',0),('29',58,'Santa Catarina Ayometla','0001','Santa Catarina Ayometla',0),('29',59,'Santa Cruz Quilehtla','0001','Santa Cruz Quilehtla',0),('29',60,'Santa Isabel Xiloxoxtla','0001','Santa Isabel Xiloxoxtla',0),('30',1,'Acajete','0001','Acajete',0),('30',2,'Acatlán','0001','Acatlán',0),('30',3,'Acayucan','0001','Acayucan',0),('30',4,'Actopan','0001','Actopan',0),('30',5,'Acula','0001','Acula',0),('30',6,'Acultzingo','0001','Acultzingo',0),('30',7,'Camarón de Tejeda','0001','Camarón de Tejeda',0),('30',8,'Alpatláhuac','0001','Alpatláhuac',0),('30',9,'Alto Lucero de Gutiérrez Barrios','0001','Alto Lucero',0),('30',10,'Altotonga','0001','Altotonga',0),('30',11,'Alvarado','0001','Alvarado',0),('30',12,'Amatitlán','0001','Amatitlán',0),('30',13,'Naranjos Amatlán','0001','Naranjos',0),('30',14,'Amatlán de los Reyes','0001','Amatlán de los Reyes',0),('30',15,'Angel R. Cabada','0001','Ángel R. Cabada',0),('30',16,'La Antigua','0001','José Cardel',0),('30',17,'Apazapan','0001','Apazapan',0),('30',18,'Aquila','0001','Aquila',0),('30',19,'Astacinga','0001','Astacinga',0),('30',20,'Atlahuilco','0001','Atlahuilco',0),('30',21,'Atoyac','0001','Atoyac',0),('30',22,'Atzacan','0001','Atzacan',0),('30',23,'Atzalan','0001','Atzalan',0),('30',24,'Tlaltetela','0001','Tlaltetela',0),('30',25,'Ayahualulco','0001','Ayahualulco',0),('30',26,'Banderilla','0001','Banderilla',0),('30',27,'Benito Juárez','0001','Benito Juárez',0),('30',28,'Boca del Río','0001','Boca del Río',0),('30',29,'Calcahualco','0001','Calcahualco',0),('30',30,'Camerino Z. Mendoza','0001','Ciudad Mendoza',0),('30',31,'Carrillo Puerto','0001','Tamarindo',0),('30',32,'Catemaco','0001','Catemaco',0),('30',33,'Cazones de Herrera','0001','Cazones de Herrera',0),('30',34,'Cerro Azul','0001','Cerro Azul',0),('30',35,'Citlaltépetl','0001','Citlaltépec',0),('30',36,'Coacoatzintla','0001','Coacoatzintla',0),('30',37,'Coahuitlán','0001','Progreso de Zaragoza',0),('30',38,'Coatepec','0001','Coatepec',0),('30',39,'Coatzacoalcos','0001','Coatzacoalcos',0),('30',40,'Coatzintla','0001','Coatzintla',0),('30',41,'Coetzala','0001','Coetzala',0),('30',42,'Colipa','0001','Colipa',0),('30',43,'Comapa','0001','Comapa',0),('30',44,'Córdoba','0001','Córdoba',0),('30',45,'Cosamaloapan de Carpio','0001','Cosamaloapan',0),('30',46,'Cosautlán de Carvajal','0001','Cosautlán de Carvajal',0),('30',47,'Coscomatepec','0001','Coscomatepec de Bravo',0),('30',48,'Cosoleacaque','0001','Cosoleacaque',0),('30',49,'Cotaxtla','0001','Cotaxtla',0),('30',50,'Coxquihui','0001','Coxquihui',0),('30',51,'Coyutla','0001','Coyutla',0),('30',52,'Cuichapa','0001','Cuichapa',0),('30',53,'Cuitláhuac','0001','Cuitláhuac',0),('30',54,'Chacaltianguis','0001','Chacaltianguis',0),('30',55,'Chalma','0001','Chalma',0),('30',56,'Chiconamel','0001','Chiconamel',0),('30',57,'Chiconquiaco','0001','Chiconquiaco',0),('30',58,'Chicontepec','0001','Chicontepec de Tejeda',0),('30',59,'Chinameca','0001','Chinameca',0),('30',60,'Chinampa de Gorostiza','0001','Chinampa de Gorostiza',0),('30',61,'Las Choapas','0001','Las Choapas',0),('30',62,'Chocamán','0001','Chocamán',0),('30',63,'Chontla','0001','Chontla',0),('30',64,'Chumatlán','0001','Chumatlán',0),('30',65,'Emiliano Zapata','0001','Dos Ríos',0),('30',66,'Espinal','0001','Espinal',0),('30',67,'Filomeno Mata','0001','Filomeno Mata',0),('30',68,'Fortín','0001','Fortín de las Flores',0),('30',69,'Gutiérrez Zamora','0001','Gutiérrez Zamora',0),('30',70,'Hidalgotitlán','0001','Hidalgotitlán',0),('30',71,'Huatusco','0001','Huatusco de Chicuellar',0),('30',72,'Huayacocotla','0001','Huayacocotla',0),('30',73,'Hueyapan de Ocampo','0001','Hueyapan de Ocampo',0),('30',74,'Huiloapan de Cuauhtémoc','0001','Huiloapan de Cuauhtémoc',0),('30',75,'Ignacio de la Llave','0001','Ignacio de la Llave',0),('30',76,'Ilamatlán','0001','Ilamatlán',0),('30',77,'Isla','0001','Isla',0),('30',78,'Ixcatepec','0001','Ixcatepec',0),('30',79,'Ixhuacán de los Reyes','0001','Ixhuacán de los Reyes',0),('30',80,'Ixhuatlán del Café','0001','Ixhuatlán del Café',0),('30',81,'Ixhuatlancillo','0001','Ixhuatlancillo',0),('30',82,'Ixhuatlán del Sureste','0001','Ixhuatlán del Sureste',0),('30',83,'Ixhuatlán de Madero','0001','Ixhuatlán de Madero',0),('30',84,'Ixmatlahuacan','0001','Ixmatlahuacan',0),('30',85,'Ixtaczoquitlán','0001','Ixtaczoquitlán',0),('30',86,'Jalacingo','0001','Jalacingo',0),('30',87,'Xalapa','0001','Xalapa-Enríquez',1),('30',88,'Jalcomulco','0001','Jalcomulco',0),('30',89,'Jáltipan','0001','Jáltipan de Morelos',0),('30',90,'Jamapa','0001','Jamapa',0),('30',91,'Jesús Carranza','0001','Jesús Carranza',0),('30',92,'Xico','0001','Xico',0),('30',93,'Jilotepec','0001','Jilotepec',0),('30',94,'Juan Rodríguez Clara','0001','Juan Rodríguez Clara',0),('30',95,'Juchique de Ferrer','0001','Juchique de Ferrer',0),('30',96,'Landero y Coss','0001','Landero y Coss',0),('30',97,'Lerdo de Tejada','0001','Lerdo de Tejada',0),('30',98,'Magdalena','0001','Magdalena',0),('30',99,'Maltrata','0001','Maltrata',0),('30',100,'Manlio Fabio Altamirano','0001','Manlio Fabio Altamirano',0),('30',101,'Mariano Escobedo','0001','Mariano Escobedo',0),('30',102,'Martínez de la Torre','0001','Martínez de la Torre',0),('30',103,'Mecatlán','0001','Mecatlán',0),('30',104,'Mecayapan','0001','Mecayapan',0),('30',105,'Medellín de Bravo','0001','Medellín',0),('30',106,'Miahuatlán','0001','Miahuatlán',0),('30',107,'Las Minas','0001','Las Minas',0),('30',108,'Minatitlán','0001','Minatitlán',0),('30',109,'Misantla','0001','Misantla',0),('30',110,'Mixtla de Altamirano','0001','Mixtla de Altamirano',0),('30',111,'Moloacán','0001','Moloacán',0),('30',112,'Naolinco','0001','Naolinco de Victoria',0),('30',113,'Naranjal','0001','Naranjal',0),('30',114,'Nautla','0001','Nautla',0),('30',115,'Nogales','0001','Nogales',0),('30',116,'Oluta','0001','Oluta',0),('30',117,'Omealca','0001','Omealca',0),('30',118,'Orizaba','0001','Orizaba',0),('30',119,'Otatitlán','0001','Otatitlán',0),('30',120,'Oteapan','0001','Oteapan',0),('30',121,'Ozuluama de Mascareñas','0001','Ozuluama de Mascareñas',0),('30',122,'Pajapan','0001','Pajapan',0),('30',123,'Pánuco','0001','Pánuco',0),('30',124,'Papantla','0001','Papantla de Olarte',0),('30',125,'Paso del Macho','0001','Paso del Macho',0),('30',126,'Paso de Ovejas','0001','Paso de Ovejas',0),('30',127,'La Perla','0001','La Perla',0),('30',128,'Perote','0001','Perote',0),('30',129,'Platón Sánchez','0001','Platón Sánchez',0),('30',130,'Playa Vicente','0001','Playa Vicente',0),('30',131,'Poza Rica de Hidalgo','0001','Poza Rica de Hidalgo',0),('30',132,'Las Vigas de Ramírez','0001','Las Vigas de Ramírez',0),('30',133,'Pueblo Viejo','0001','Cd. Cuauhtémoc',0),('30',134,'Puente Nacional','0001','Puente Nacional',0),('30',135,'Rafael Delgado','0001','Rafael Delgado',0),('30',136,'Rafael Lucio','0001','Rafael Lucio',0),('30',137,'Los Reyes','0001','Los Reyes',0),('30',138,'Río Blanco','0001','Río Blanco',0),('30',139,'Saltabarranca','0001','Saltabarranca',0),('30',140,'San Andrés Tenejapan','0001','San Andrés Tenejapan',0),('30',141,'San Andrés Tuxtla','0001','San Andrés Tuxtla',0),('30',142,'San Juan Evangelista','0001','San Juan Evangelista',0),('30',143,'Santiago Tuxtla','0001','Santiago Tuxtla',0),('30',144,'Sayula de Alemán','0001','Sayula de Alemán',0),('30',145,'Soconusco','0001','Soconusco',0),('30',146,'Sochiapa','0001','Sochiapa',0),('30',147,'Soledad Atzompa','0001','Soledad Atzompa',0),('30',148,'Soledad de Doblado','0001','Soledad de Doblado',0),('30',149,'Soteapan','0001','Soteapan',0),('30',150,'Tamalín','0001','Tamalín',0),('30',151,'Tamiahua','0001','Tamiahua',0),('30',152,'Tampico Alto','0001','Tampico Alto',0),('30',153,'Tancoco','0001','Tancoco',0),('30',154,'Tantima','0001','Tantima',0),('30',155,'Tantoyuca','0001','Tantoyuca',0),('30',156,'Tatatila','0001','Tatatila',0),('30',157,'Castillo de Teayo','0001','Castillo de Teayo',0),('30',158,'Tecolutla','0001','Tecolutla',0),('30',159,'Tehuipango','0001','Tehuipango',0),('30',160,'Álamo Temapache','0001','Álamo',0),('30',161,'Tempoal','0001','Tempoal de Sánchez',0),('30',162,'Tenampa','0001','Tenampa',0),('30',163,'Tenochtitlán','0001','Tenochtitlán',0),('30',164,'Teocelo','0001','Teocelo',0),('30',165,'Tepatlaxco','0001','Tepatlaxco',0),('30',166,'Tepetlán','0001','Tepetlán',0),('30',167,'Tepetzintla','0001','Tepetzintla',0),('30',168,'Tequila','0001','Tequila',0),('30',169,'José Azueta','0001','Villa Azueta',0),('30',170,'Texcatepec','0001','Texcatepec',0),('30',171,'Texhuacán','0001','Texhuacán',0),('30',172,'Texistepec','0001','Texistepec',0),('30',173,'Tezonapa','0001','Tezonapa',0),('30',174,'Tierra Blanca','0001','Tierra Blanca',0),('30',175,'Tihuatlán','0001','Tihuatlán',0),('30',176,'Tlacojalpan','0001','Tlacojalpan',0),('30',177,'Tlacolulan','0001','Tlacolulan',0),('30',178,'Tlacotalpan','0001','Tlacotalpan',0),('30',179,'Tlacotepec de Mejía','0001','Tlacotepec de Mejía',0),('30',180,'Tlachichilco','0001','Tlachichilco',0),('30',181,'Tlalixcoyan','0001','Tlalixcoyan',0),('30',182,'Tlalnelhuayocan','0001','Tlalnelhuayocan',0),('30',183,'Tlapacoyan','0001','Tlapacoyan',0),('30',184,'Tlaquilpa','0001','Tlaquilpa',0),('30',185,'Tlilapan','0001','Tlilapan',0),('30',186,'Tomatlán','0001','Tomatlán',0),('30',187,'Tonayán','0001','Tonayán',0),('30',188,'Totutla','0001','Totutla',0),('30',189,'Tuxpan','0001','Túxpam de Rodríguez Cano',0),('30',190,'Tuxtilla','0001','Tuxtilla',0),('30',191,'Ursulo Galván','0001','Ursulo Galván',0),('30',192,'Vega de Alatorre','0001','Vega de Alatorre',0),('30',193,'Veracruz','0001','Veracruz',0),('30',194,'Villa Aldama','0001','Villa Aldama',0),('30',195,'Xoxocotla','0001','Xoxocotla',0),('30',196,'Yanga','0001','Yanga',0),('30',197,'Yecuatla','0001','Yecuatla',0),('30',198,'Zacualpan','0001','Zacualpan',0),('30',199,'Zaragoza','0001','Zaragoza',0),('30',200,'Zentla','0001','Colonia Manuel González',0),('30',201,'Zongolica','0001','Zongolica',0),('30',202,'Zontecomatlán de López y Fuentes','0001','Zontecomatlán de López y Fuentes',0),('30',203,'Zozocolco de Hidalgo','0001','Zozocolco de Hidalgo',0),('30',204,'Agua Dulce','0001','Agua Dulce',0),('30',205,'El Higo','0001','El Higo',0),('30',206,'Nanchital de Lázaro Cárdenas del Río','0001','Nanchital de Lázaro Cárdenas del Río',0),('30',207,'Tres Valles','0001','Tres Valles',0),('30',208,'Carlos A. Carrillo','0001','Carlos A. Carrillo',0),('30',209,'Tatahuicapan de Juárez','0001','Tatahuicapan',0),('30',210,'Uxpanapa','0001','Poblado 10',0),('30',211,'San Rafael','0001','San Rafael',0),('30',212,'Santiago Sochiapan','0001','Xochiapa',0),('31',1,'Abalá','0001','Abalá',0),('31',2,'Acanceh','0001','Acanceh',0),('31',3,'Akil','0001','Akil',0),('31',4,'Baca','0001','Baca',0),('31',5,'Bokobá','0001','Bokobá',0),('31',6,'Buctzotz','0001','Buctzotz',0),('31',7,'Cacalchén','0001','Cacalchén',0),('31',8,'Calotmul','0001','Calotmul',0),('31',9,'Cansahcab','0001','Cansahcab',0),('31',10,'Cantamayec','0001','Cantamayec',0),('31',11,'Celestún','0001','Celestún',0),('31',12,'Cenotillo','0001','Cenotillo',0),('31',13,'Conkal','0001','Conkal',0),('31',14,'Cuncunul','0001','Cuncunul',0),('31',15,'Cuzamá','0001','Cuzamá',0),('31',16,'Chacsinkín','0001','Chacsinkín',0),('31',17,'Chankom','0001','Chankom',0),('31',18,'Chapab','0001','Chapab',0),('31',19,'Chemax','0001','Chemax',0),('31',20,'Chicxulub Pueblo','0001','Chicxulub Pueblo',0),('31',21,'Chichimilá','0001','Chichimilá',0),('31',22,'Chikindzonot','0001','Chikindzonot',0),('31',23,'Chocholá','0001','Chocholá',0),('31',24,'Chumayel','0001','Chumayel',0),('31',25,'Dzán','0001','Dzán',0),('31',26,'Dzemul','0001','Dzemul',0),('31',27,'Dzidzantún','0001','Dzidzantún',0),('31',28,'Dzilam de Bravo','0001','Dzilam de Bravo',0),('31',29,'Dzilam González','0001','Dzilam González',0),('31',30,'Dzitás','0001','Dzitás',0),('31',31,'Dzoncauich','0001','Dzoncauich',0),('31',32,'Espita','0001','Espita',0),('31',33,'Halachó','0001','Halachó',0),('31',34,'Hocabá','0001','Hocabá',0),('31',35,'Hoctún','0001','Hoctún',0),('31',36,'Homún','0001','Homún',0),('31',37,'Huhí','0001','Huhí',0),('31',38,'Hunucmá','0001','Hunucmá',0),('31',39,'Ixil','0001','Ixil',0),('31',40,'Izamal','0001','Izamal',0),('31',41,'Kanasín','0001','Kanasín',0),('31',42,'Kantunil','0001','Kantunil',0),('31',43,'Kaua','0001','Kaua',0),('31',44,'Kinchil','0001','Kinchil',0),('31',45,'Kopomá','0001','Kopomá',0),('31',46,'Mama','0001','Mama',0),('31',47,'Maní','0001','Maní',0),('31',48,'Maxcanú','0001','Maxcanú',0),('31',49,'Mayapán','0001','Mayapán',0),('31',50,'Mérida','0001','Mérida',0),('31',51,'Mocochá','0001','Mocochá',0),('31',52,'Motul','0001','Motul de Carrillo Puerto',0),('31',53,'Muna','0001','Muna',0),('31',54,'Muxupip','0001','Muxupip',0),('31',55,'Opichén','0001','Opichén',0),('31',56,'Oxkutzcab','0001','Oxkutzcab',0),('31',57,'Panabá','0001','Panabá',0),('31',58,'Peto','0001','Peto',0),('31',59,'Progreso','0001','Progreso',0),('31',60,'Quintana Roo','0001','Quintana Roo',0),('31',61,'Río Lagartos','0001','Río Lagartos',0),('31',62,'Sacalum','0001','Sacalum',0),('31',63,'Samahil','0001','Samahil',0),('31',64,'Sanahcat','0001','Sanahcat',0),('31',65,'San Felipe','0001','San Felipe',0),('31',66,'Santa Elena','0001','Santa Elena',0),('31',67,'Seyé','0001','Seyé',0),('31',68,'Sinanché','0001','Sinanché',0),('31',69,'Sotuta','0001','Sotuta',0),('31',70,'Sucilá','0001','Sucilá',0),('31',71,'Sudzal','0001','Sudzal',0),('31',72,'Suma','0001','Suma',0),('31',73,'Tahdziú','0001','Tahdziú',0),('31',74,'Tahmek','0001','Tahmek',0),('31',75,'Teabo','0001','Teabo',0),('31',76,'Tecoh','0001','Tecoh',0),('31',77,'Tekal de Venegas','0001','Tekal de Venegas',0),('31',78,'Tekantó','0001','Tekantó',0),('31',79,'Tekax','0001','Tekax de Álvaro Obregón',0),('31',80,'Tekit','0001','Tekit',0),('31',81,'Tekom','0001','Tekom',0),('31',82,'Telchac Pueblo','0001','Telchac',0),('31',83,'Telchac Puerto','0001','Telchac Puerto',0),('31',84,'Temax','0001','Temax',0),('31',85,'Temozón','0001','Temozón',0),('31',86,'Tepakán','0001','Tepakán',0),('31',87,'Tetiz','0001','Tetiz',0),('31',88,'Teya','0001','Teya',0),('31',89,'Ticul','0001','Ticul',0),('31',90,'Timucuy','0001','Timucuy',0),('31',91,'Tinum','0001','Tinum',0),('31',92,'Tixcacalcupul','0001','Tixcacalcupul',0),('31',93,'Tixkokob','0001','Tixkokob',0),('31',94,'Tixmehuac','0001','Tixmehuac',0),('31',95,'Tixpéhual','0001','Tixpéhual',0),('31',96,'Tizimín','0001','Tizimín',0),('31',97,'Tunkás','0001','Tunkás',0),('31',98,'Tzucacab','0001','Tzucacab',0),('31',99,'Uayma','0001','Uayma',0),('31',100,'Ucú','0001','Ucú',0),('31',101,'Umán','0001','Umán',0),('31',102,'Valladolid','0001','Valladolid',0),('31',103,'Xocchel','0001','Xocchel',0),('31',104,'Yaxcabá','0001','Yaxcabá',0),('31',105,'Yaxkukul','0001','Yaxkukul',0),('31',106,'Yobaín','0001','Yobaín',0),('32',1,'Apozol','0001','Apozol',0),('32',2,'Apulco','0001','Apulco',0),('32',3,'Atolinga','0001','Atolinga',0),('32',4,'Benito Juárez','0001','Florencia',0),('32',5,'Calera','0001','Víctor Rosales',0),('32',6,'Cañitas de Felipe Pescador','0001','Cañitas de Felipe Pescador',0),('32',7,'Concepción del Oro','0001','Concepción del Oro',0),('32',8,'Cuauhtémoc','0001','San Pedro Piedra Gorda',0),('32',9,'Chalchihuites','0001','Chalchihuites',0),('32',10,'Fresnillo','0001','Fresnillo',0),('32',11,'Trinidad García de la Cadena','0001','Trinidad García de la Cadena',0),('32',12,'Genaro Codina','0001','Genaro Codina',0),('32',13,'General Enrique Estrada','0001','General Enrique Estrada',0),('32',14,'General Francisco R. Murguía','0001','Nieves',0),('32',15,'El Plateado de Joaquín Amaro','0001','El Plateado de Joaquín Amaro',0),('32',16,'General Pánfilo Natera','0001','General Pánfilo Natera',0),('32',17,'Guadalupe','0001','Guadalupe',0),('32',18,'Huanusco','0001','Huanusco',0),('32',19,'Jalpa','0001','Jalpa',0),('32',20,'Jerez','0001','Jerez de García Salinas',0),('32',21,'Jiménez del Teul','0001','Jiménez del Teul',0),('32',22,'Juan Aldama','0001','Juan Aldama',0),('32',23,'Juchipila','0001','Juchipila',0),('32',24,'Loreto','0001','Loreto',0),('32',25,'Luis Moya','0001','Luis Moya',0),('32',26,'Mazapil','0001','Mazapil',0),('32',27,'Melchor Ocampo','0001','Melchor Ocampo',0),('32',28,'Mezquital del Oro','0001','Mezquital del Oro',0),('32',29,'Miguel Auza','0001','Miguel Auza',0),('32',30,'Momax','0001','Momax',0),('32',31,'Monte Escobedo','0001','Monte Escobedo',0),('32',32,'Morelos','0001','Morelos',0),('32',33,'Moyahua de Estrada','0001','Moyahua de Estrada',0),('32',34,'Nochistlán de Mejía','0001','Nochistlán de Mejía',0),('32',35,'Noria de Ángeles','0001','Noria de Ángeles',0),('32',36,'Ojocaliente','0001','Ojocaliente',0),('32',37,'Pánuco','0001','Pánuco',0),('32',38,'Pinos','0001','Pinos',0),('32',39,'Río Grande','0001','Río Grande',0),('32',40,'Sain Alto','0001','Sain Alto',0),('32',41,'El Salvador','0001','El Salvador',0),('32',42,'Sombrerete','0001','Sombrerete',0),('32',43,'Susticacán','0001','Susticacán',0),('32',44,'Tabasco','0001','Tabasco',0),('32',45,'Tepechitlán','0001','Tepechitlán',0),('32',46,'Tepetongo','0001','Tepetongo',0),('32',47,'Teúl de González Ortega','0001','Teúl de González Ortega',0),('32',48,'Tlaltenango de Sánchez Román','0001','Tlaltenango de Sánchez Román',0),('32',49,'Valparaíso','0001','Valparaíso',0),('32',50,'Vetagrande','0001','Vetagrande',0),('32',51,'Villa de Cos','0001','Villa de Cos',0),('32',52,'Villa García','0001','Villa García',0),('32',53,'Villa González Ortega','0001','Villa González Ortega',0),('32',54,'Villa Hidalgo','0001','Villa Hidalgo',0),('32',55,'Villanueva','0001','Villanueva',0),('32',56,'Zacatecas','0001','Zacatecas',0),('32',57,'Trancoso','0001','Trancoso',0),('32',58,'Santa María de la Paz','0001','Santa María de la Paz',0),('09',18,'-Municipio no capturado','','',0),('15',126,'-Municipio no capturado','','',0);
/*!40000 ALTER TABLE `municipio` ENABLE KEYS */;
UNLOCK TABLES;

--
-- Table structure for table `pastel`
--

DROP TABLE IF EXISTS `pastel`;
/*!40101 SET @saved_cs_client     = @@character_set_client */;
/*!40101 SET character_set_client = utf8 */;
CREATE TABLE `pastel` (
  `id_pastel` int(11) NOT NULL AUTO_INCREMENT,
  `id_tipo_pastel` int(11) DEFAULT NULL,
  `id_forma` int(11) DEFAULT NULL,
  `id_tamano` int(11) DEFAULT NULL,
  `id_pisos` int(11) DEFAULT NULL,
  `id_sabor` int(11) DEFAULT NULL,
  `id_relleno` int(11) DEFAULT NULL,
  `id_cobertura` int(11) DEFAULT NULL,
  `id_textura` int(11) DEFAULT NULL,
  `mensaje` varchar(100) DEFAULT NULL,
  `estatus` varchar(2) DEFAULT NULL,
  PRIMARY KEY (`id_pastel`),
  KEY `fk_id_forma_idx` (`id_forma`),
  KEY `fk_id_sabor_idx` (`id_sabor`),
  KEY `fk_id_relleno_idx` (`id_relleno`),
  KEY `fk_id_cobertura_idx` (`id_cobertura`),
  KEY `fk_id_textura_idx` (`id_textura`),
  KEY `fk_id_mensaje_idx` (`mensaje`),
  KEY `fk_id_tamano_idx` (`id_tamano`),
  KEY `fk_id_tipo_pastel_idx` (`id_tipo_pastel`),
  CONSTRAINT `fk_id_cobertura` FOREIGN KEY (`id_cobertura`) REFERENCES `cobertura` (`id_cobertura`) ON DELETE NO ACTION ON UPDATE NO ACTION,
  CONSTRAINT `fk_id_forma` FOREIGN KEY (`id_forma`) REFERENCES `forma` (`id_forma`) ON DELETE NO ACTION ON UPDATE NO ACTION,
  CONSTRAINT `fk_id_relleno` FOREIGN KEY (`id_relleno`) REFERENCES `relleno` (`id_relleno`) ON DELETE NO ACTION ON UPDATE NO ACTION,
  CONSTRAINT `fk_id_sabor` FOREIGN KEY (`id_sabor`) REFERENCES `sabor` (`id_sabor`) ON DELETE NO ACTION ON UPDATE NO ACTION,
  CONSTRAINT `fk_id_tamano` FOREIGN KEY (`id_tamano`) REFERENCES `tamano` (`id_tamano`) ON DELETE NO ACTION ON UPDATE NO ACTION,
  CONSTRAINT `fk_id_textura` FOREIGN KEY (`id_textura`) REFERENCES `textura` (`id_textura`) ON DELETE NO ACTION ON UPDATE NO ACTION,
  CONSTRAINT `fk_id_tipo_pastel` FOREIGN KEY (`id_tipo_pastel`) REFERENCES `tipo_pastel` (`id_tipo_pastel`) ON DELETE NO ACTION ON UPDATE NO ACTION
) ENGINE=InnoDB AUTO_INCREMENT=8 DEFAULT CHARSET=utf8;
/*!40101 SET character_set_client = @saved_cs_client */;

--
-- Dumping data for table `pastel`
--

LOCK TABLES `pastel` WRITE;
/*!40000 ALTER TABLE `pastel` DISABLE KEYS */;
INSERT INTO `pastel` VALUES (5,1,1,2,2,3,2,1,3,'qwerty','A'),(7,1,2,2,1,6,1,2,1,'qwert','A');
/*!40000 ALTER TABLE `pastel` ENABLE KEYS */;
UNLOCK TABLES;

--
-- Table structure for table `pastel_predisenado`
--

DROP TABLE IF EXISTS `pastel_predisenado`;
/*!40101 SET @saved_cs_client     = @@character_set_client */;
/*!40101 SET character_set_client = utf8 */;
CREATE TABLE `pastel_predisenado` (
  `id_pastel_predisenado` int(11) NOT NULL AUTO_INCREMENT,
  `id_tipo_pastel` int(11) DEFAULT NULL,
  `nombre` varchar(80) DEFAULT NULL,
  `descripcion` varchar(255) DEFAULT NULL,
  `precio_porcion` int(11) DEFAULT NULL,
  `adicional` int(11) DEFAULT NULL,
  `sabor` varchar(255) DEFAULT NULL,
  `observaciones` varchar(255) DEFAULT '',
  `imagen` varchar(155) DEFAULT NULL,
  `estatus` varchar(2) DEFAULT 'A',
  PRIMARY KEY (`id_pastel_predisenado`),
  KEY `fk_id_tipo_pastel_idx` (`id_tipo_pastel`),
  CONSTRAINT `fk_tipo_pastel_predisenado` FOREIGN KEY (`id_tipo_pastel`) REFERENCES `tipo_pastel` (`id_tipo_pastel`) ON DELETE NO ACTION ON UPDATE NO ACTION
) ENGINE=InnoDB AUTO_INCREMENT=124 DEFAULT CHARSET=utf8;
/*!40101 SET character_set_client = @saved_cs_client */;

--
-- Dumping data for table `pastel_predisenado`
--

LOCK TABLES `pastel_predisenado` WRITE;
/*!40000 ALTER TABLE `pastel_predisenado` DISABLE KEYS */;
INSERT INTO `pastel_predisenado` VALUES (1,1,'CHOCOLATE EN VERANO','Este pastel desnudo, tu y yo celebrando nuestro gran día',42,750,'Chocolate, Vainilla','','previsualizacion_pastel_bodas_y_xv_predisenado_sharons_01.jpg','A'),(2,1,'AMOR EN LA PLAYA','Consolidar nuestro matrimonio a la orilla del mar es tan delicioso como este pastel de chantilly',32,850,'Mocka, 3l chocolate, 3 leches vainilla, Oreo, Supremo.',' ','previsualizacion_pastel_bodas_y_xv_predisenado_sharons_02.jpg','A'),(3,1,'LLUVIA FLORAL','Entra a la etapa mas bella de tu vida con este delicioso pastel de chantilly',32,740,'Mocka, 3l chocolate, 3 leches vainilla, Oreo, Supremo.',' ','previsualizacion_pastel_bodas_y_xv_predisenado_sharons_03.jpg','A'),(4,1,'LOVE OF SEA (BX67)','En el mar la vida es mas sabrosa, pero con un pastel de chantilly lo es aun mas',32,1080,'Mocka, 3l chocolate, 3 leches vainilla, Oreo, Supremo.','','previsualizacion_pastel_bodas_y_xv_predisenado_sharons_04.jpg','A'),(5,1,'LOVE DOOR','Atrévete a soñar en tu gran día con un rico pastel de chantilly decorado con flores naturales',32,790,'Mocka, 3l chocolate, 3 leches vainilla, Oreo, Supremo.','','previsualizacion_pastel_bodas_y_xv_predisenado_sharons_05.jpg','A'),(6,1,'SUEÑOS','Endulza tu gran momento con este delicioso pastel de fondant',55,850,'Mocka, 3l chocolate, 3 leches vainilla, Oreo, Supremo.','','previsualizacion_pastel_bodas_y_xv_predisenado_sharons_06.jpg','A'),(7,1,'ESTRELLA DE AMOR','No existe nada mejor que compartir un momento especial con un rico pastel de chantilly y con la persona que amas',32,880,'Mocka, 3l chocolate, 3 leches vainilla, Oreo, Supremo.','','previsualizacion_pastel_bodas_y_xv_predisenado_sharons_07.jpg','A'),(8,1,'AMOR CRISTALIZADO (BX50)','Este gran instante permanecerá en nuestras mentes, compartamoslo con un exquisito pastel de chantilly',32,610,'Mocka, 3l chocolate, 3 leches vainilla, Oreo, Supremo.','','previsualizacion_pastel_bodas_y_xv_predisenado_sharons_08.jpg','A'),(9,1,'SUEÑO DE PASIÓN','Lo único que quiero es compartir mi vida y este delicioso pastel de chantilly contigo',32,820,'Mocka, 3l chocolate, 3 leches vainilla, Oreo, Supremo.','','previsualizacion_pastel_bodas_y_xv_predisenado_sharons_09.jpg','A'),(10,1,'AMOR EN FLORES','Tengo ganas de 3 cosas verte, abrazarte y de compartir contigo este delicioso pastel de chantilly',32,970,'Mocka, 3l chocolate, 3 leches vainilla, Oreo, Supremo.','','previsualizacion_pastel_bodas_y_xv_predisenado_sharons_10.jpg','A'),(11,1,'MAREA DE AMOR','Yo prometo que en nuestro gran día, este sera nuestro pastel',32,1025,'Mocka, 3l chocolate, 3 leches vainilla, Oreo, Supremo.','','previsualizacion_pastel_bodas_y_xv_predisenado_sharons_11.jpg','A'),(12,1,'SI ACEPTO','Lo nuestro fue tan inesperado que nos encontramos sin buscarnos, así como encontramos este delicioso pastel de chantilly perfecto para nuestro gran día',32,580,'Mocka, 3l chocolate, 3 leches vainilla, Oreo, Supremo.','','previsualizacion_pastel_bodas_y_xv_predisenado_sharons_12.jpg','A'),(13,1,'ROSAS IMPERIALES (BX 11)','Nuestro amor no tiene por que ser perfecto, pero nuestro pastel de bodas si',32,1820,'Mocka, 3l chocolate, 3 leches vainilla, Oreo, Supremo.','No incluye novios','previsualizacion_pastel_bodas_y_xv_predisenado_sharons_13.jpg','A'),(14,1,'NOCHE GLAMUROSA','Celebra la noche mas glamurosa con este delicioso pastel de chantilly',32,1040,'Mocka, 3l chocolate, 3 leches vainilla, Oreo, Supremo.','','previsualizacion_pastel_bodas_y_xv_predisenado_sharons_14.jpg','A'),(15,1,'PASEO DE AMOR','Pase lo que pase solo tengo ojos para ti y este delicioso pastel de chantilly',32,280,'Mocka, 3l chocolate, 3 leches vainilla, Oreo, Supremo.','','previsualizacion_pastel_bodas_y_xv_predisenado_sharons_15.jpg','A'),(16,1,'VELO ROSA','Las mejores veladas se viven con un delicioso pastel de chantilly cerca del mar',32,520,'Mocka, 3l chocolate, 3 leches vainilla, Oreo, Supremo.','','previsualizacion_pastel_bodas_y_xv_predisenado_sharons_16.jpg','A'),(17,1,'VELO AZUL','Las mejores veladas se viven con un delicioso  pastel de chantilly cerca del mar',32,520,'Mocka, 3l chocolate, 3 leches vainilla, Oreo, Supremo.','','previsualizacion_pastel_bodas_y_xv_predisenado_sharons_17.jpg','A'),(18,1,'DULCES DESTELLOS','Este encantador pastel y yo, seremos las estrellas de esta noche',32,340,'Mocka, 3l chocolate, 3 leches vainilla, Oreo, Supremo.','','previsualizacion_pastel_bodas_y_xv_predisenado_sharons_18.jpg','A'),(19,1,'DETALLES DE AMOR','Cada detalle de este gran día debe de ser tan perfecto como este delicioso pastel de crema batida',32,970,'Mocka, 3l chocolate, 3 leches vainilla, Oreo, Supremo.','','previsualizacion_pastel_bodas_y_xv_predisenado_sharons_19.jpg','A'),(20,1,' VELADA CON MARIPOSAS ','Las mariposas en mi pastel de chantilly son el complemento perfecto para mi gran evento',32,770,'Mocka, 3l chocolate, 3 leches vainilla, Oreo, Supremo.','','previsualizacion_pastel_bodas_y_xv_predisenado_sharons_20.jpg','A'),(21,1,'DESTELLO DE LUNA','Celebro el inicio de una gran etapa con este riquísimo pastel de chantilly en 4 pisos',32,990,'Mocka, 3l chocolate, 3 leches vainilla, Oreo, Supremo.','','previsualizacion_pastel_bodas_y_xv_predisenado_sharons_21.jpg','A'),(22,1,'TERNURA DE ROSAS','Ven, que sera una fiesta inolvidable gracias a este delicioso pastel de chantilly en 3 pisos',32,800,'Mocka, 3l chocolate, 3 leches vainilla, Oreo, Supremo.','','previsualizacion_pastel_bodas_y_xv_predisenado_sharons_22.jpg','A'),(23,1,'ELEGANCIA Y GLAMOUR','Mi suculento pastel de chantilly en 4 pisos, combina perfecto con la elegancia y glamour de mi evento',32,620,'Mocka, 3l chocolate, 3 leches vainilla, Oreo, Supremo.','','previsualizacion_pastel_bodas_y_xv_predisenado_sharons_23.jpg','A'),(24,1,'NOCHE DE PASIÓN','Los detalles rojos de mi pastel de chantilly son la combinación perfecta de nuestra pasión',32,1300,'Mocka, 3l chocolate, 3 leches vainilla, Oreo, Supremo.','No incluye  novios','previsualizacion_pastel_bodas_y_xv_predisenado_sharons_24.jpg','A'),(25,1,'CRISTALES DE AMOR','En el amor debe haber respeto, pero no falso orgullo, cristalicemos nuestro  amor con este delicioso pastel de chantilly.',32,1500,'Mocka, 3l chocolate, 3 leches vainilla, Oreo, Supremo.','','previsualizacion_pastel_bodas_y_xv_predisenado_sharons_25.jpg','A'),(26,1,'SUEÑO DE AMOR','Es una bendición encontrar a la pareja perfecta y el pastel de fondant perfecto para unir nuestras vidas',55,800,'Mocka, Chocolate, New York, Oreo, Zarzamora, Supremo, Delicias','','previsualizacion_pastel_bodas_y_xv_predisenado_sharons_26.jpg','A'),(27,1,'RESPLANDOR PLATEADO','La historia mas bonita que el destino escribio en mi vida, tu y este delicioso pastel de chantilly',55,350,'Mocka, Chocolate, New York, Oreo, Zarzamora, Supremo, Delicias','','previsualizacion_pastel_bodas_y_xv_predisenado_sharons_27.jpg','A'),(28,1,'JARDÍN DE SUEÑOS','En un jardín de sueños la vida te espera con los brazos abiertos para que la disfrutes al igual que este riquísimo pastel de chantilly',32,180,'Mocka, 3l chocolate, 3 leches vainilla, Oreo, Supremo.','','previsualizacion_pastel_bodas_y_xv_predisenado_sharons_28.jpg','A'),(29,1,'ROMANCE ELEGANTE','No hay mal tiempo si es contigo y este delicioso pastel de chantilly',32,420,'Mocka, 3l chocolate, 3 leches vainilla, Oreo, Supremo.','','previsualizacion_pastel_bodas_y_xv_predisenado_sharons_29.jpg','A'),(30,1,'DULCE ATARDECER','No soy egoísta pero a ti y a este exquisito pastel de chantilly no los comparto con nadie',32,690,'Mocka, 3l chocolate, 3 leches vainilla, Oreo, Supremo.','','previsualizacion_pastel_bodas_y_xv_predisenado_sharons_30.jpg','A'),(31,1,'VIDA DE CARNAVAL','Vivamos juntos la grandiosa fiesta de carnaval con este delicioso pastel de chantilly',32,1170,'Mocka, 3l chocolate, 3 leches vainilla, Oreo, Supremo.','','previsualizacion_pastel_bodas_y_xv_predisenado_sharons_31.jpg','A'),(32,1,'SUEÑOS DORADOS','De todas las maneras que hay para ser feliz la que mas me gusta es estar contigo compartiendo este rico pastel de chantilly',32,450,'Mocka, 3l chocolate, 3 leches vainilla, Oreo, Supremo.','','previsualizacion_pastel_bodas_y_xv_predisenado_sharons_32.jpg','A'),(33,1,'ILUSIÓN DE AMOR','Necesitaba tener un momento especial  y te escogí a ti y este hermoso pastel de chantilly',32,1080,'Mocka, 3l chocolate, 3 leches vainilla, Oreo, Supremo.','','previsualizacion_pastel_bodas_y_xv_predisenado_sharons_33.jpg','A'),(34,1,'DULCE Y  SUTIL DETALLE','La persona con la que quiero compartir mi vida se merece lo mejor y lo mejor es este exquisito pastel de chantilly',32,1350,'Mocka, 3l chocolate, 3 leches vainilla, Oreo, Supremo.','','previsualizacion_pastel_bodas_y_xv_predisenado_sharons_34.jpg','A'),(35,1,'CASCADA AZUL','Para completar mi felicidad solo falta unir nuestras vidas con este hermoso pastel de chantilly',32,2820,'Mocka, 3l chocolate, 3 leches vainilla, Oreo, Supremo.','','previsualizacion_pastel_bodas_y_xv_predisenado_sharons_35.jpg','A'),(36,1,'ETERNO AMOR','Mi corazón es perfecto por que tu estas dentro de el y este  pastel  de  chantilly es perfecto por que  simboliza nuestro amor',32,340,'Mocka, 3l chocolate, 3 leches vainilla, Oreo, Supremo.','','previsualizacion_pastel_bodas_y_xv_predisenado_sharons_36.jpg','A'),(37,1,'AMOR DORADO','Este rico pastel de chantilly  iluminara tu evento  mas que las estrellas',32,720,'Mocka, 3l chocolate, 3 leches vainilla, Oreo, Supremo.','','previsualizacion_pastel_bodas_y_xv_predisenado_sharons_37.jpg','A'),(38,1,'ROJO TENTACIÓN','La verdadera felicidad es disfrutar el presente junto a ti y este suculento pastel desnudo',42,980,'Chocolate, Vainilla','','previsualizacion_pastel_bodas_y_xv_predisenado_sharons_38.jpg','A'),(39,1,'BRILLOS DE AMOR','Esperaría cien vidas  para comerme este delicioso pastel de chantilly y caminar contigo',32,620,'Mocka, 3l chocolate, 3 leches vainilla, Oreo, Supremo.','','previsualizacion_pastel_bodas_y_xv_predisenado_sharons_39.jpg','A'),(40,1,'JUNTOS POR SIEMPRE','Mereces a alguien que te regale sonrisas, tiempo, alegrías, besos y este delicado y exquisito  pastel de chantilly',32,3500,'Mocka, 3l chocolate, 3 leches vainilla, Oreo, Supremo.','','previsualizacion_pastel_bodas_y_xv_predisenado_sharons_40.jpg','A'),(41,1,'BRISA DE AMOR','Una buena relación debe de tener dos cosas: un amor que no termine y este delicioso pastel de chantilly en su boda.',32,450,'Mocka, 3l chocolate, 3 leches vainilla, Oreo, Supremo.','','previsualizacion_pastel_bodas_y_xv_predisenado_sharons_41.jpg','A'),(42,1,'AMOR PROFUNDO','Elige a la persona que haga mas bonito tu mundo y el pastel de chantiily de tus sueños',32,490,'Mocka, 3l chocolate, 3 leches vainilla, Oreo, Supremo.','','previsualizacion_pastel_bodas_y_xv_predisenado_sharons_42.jpg','A'),(43,1,'SIEMPRE TE AMARE','En el sendero de la vida te encontré y nunca me arrepentiré de amarte así como no me arrepentiré de escoger este magnifico pastel de fondant para nuestra boda',55,1400,'Mocka, Chocolate, New York, Oreo, Zarzamora, Supremo, Delicias','No incluye novios','previsualizacion_pastel_bodas_y_xv_predisenado_sharons_43.jpg','A'),(44,1,'NOCHE DE ESTRELLAS','En esta etapa brillaras mas que una estrella si decides compartir en tu evento este delicioso pastel de fondant  ',55,480,'Mocka, Chocolate, New York, Oreo, Zarzamora, Supremo, Delicias','','previsualizacion_pastel_bodas_y_xv_predisenado_sharons_44.jpg','A'),(45,1,'LINDO ATARDECER','Los atardeceres son mejor si los comparto contigo y con este delicioso pastel de chantilly',32,510,'Mocka, 3l chocolate, 3 leches vainilla, Oreo, Supremo.','','previsualizacion_pastel_bodas_y_xv_predisenado_sharons_45.jpg','A'),(46,2,'KITTI PRIMAVERA','Delicioso pastel en fondant para la princesa de la casa',55,500,'Mocka, Chocolate, New York, Oreo, Zarzamora, Supremo, Delicias','','previsualizacion_pastel_infantil_predisenado_sharons_01.jpg','A'),(47,2,'BAUTIZO EN PETALOS','Pastel decorado en chantilly elaborado especialmente para mi bautizo en 3 pisos cubierto en pétalos de fondant con bellas flores no comestibles',32,780,'Mocka, 3l chocolate, 3 leches vainilla, Oreo, Supremo.','','previsualizacion_pastel_infantil_predisenado_sharons_02.jpg','A'),(48,2,'EL MEJOR REGALO','Riquísimo pastel de chantilly con un moño comestible elaborado para recibir a la reina del hogar',32,250,'Mocka, 3l chocolate, 3 leches vainilla, Oreo, Supremo.','','previsualizacion_pastel_infantil_predisenado_sharons_03.jpg','A'),(49,2,'EN HORA BUENA','Exquisito pastel en chantilly arribando un tren para la llegada de una gran bendición',32,440,'Mocka, 3l chocolate, 3 leches vainilla, Oreo, Supremo.','','previsualizacion_pastel_infantil_predisenado_sharons_04.jpg','A'),(50,2,'SUBLIME COMUNIÓN','Tarta decorada con flores comestibles para celebrar mi bautizo',32,280,'Mocka, 3l chocolate, 3 leches vainilla, Oreo, Supremo.','','previsualizacion_pastel_infantil_predisenado_sharons_05.jpg','A'),(51,2,'NIÑA O NIÑO','Rica tarta sorpresa para mi baby shower',55,280,'Mocka, Chocolate, New York, Oreo, Zarzamora, Supremo, Delicias','','previsualizacion_pastel_infantil_predisenado_sharons_06.jpg','A'),(52,2,'ZOOLÓGICO','Hermoso pastel en 3 pisos decorado con animalitos del zoológico para celebrar un año mas de tu pequeño',32,1000,'Mocka, 3l chocolate, 3 leches vainilla, Oreo, Supremo.','','previsualizacion_pastel_infantil_predisenado_sharons_07.jpg','A'),(53,2,'BABY BEAR','Dale la bienvenida al príncipe de la casa con este exquisito pastel de fondant',55,590,'Mocka, Chocolate, New York, Oreo, Zarzamora, Supremo, Delicias','','previsualizacion_pastel_infantil_predisenado_sharons_08.jpg','A'),(54,2,'DULCE LLEGADA','Celebra tu baby shower de una manera original con un pastel de chantilly decorado con fondant',32,850,'Mocka, 3l chocolate, 3 leches vainilla, Oreo, Supremo.','','previsualizacion_pastel_infantil_predisenado_sharons_09.jpg','A'),(55,2,'BIENVENIDA PRINCESA','Festeja la sublime llegada de una princesa con un pastel de crema chantilly con decoración de fondant',32,650,'Mocka, 3l chocolate, 3 leches vainilla, Oreo, Supremo.','','previsualizacion_pastel_infantil_predisenado_sharons_10.jpg','A'),(56,2,'DULCE SORPRESA','Comparte la emoción de saber que será con esta rica tarta de chantilly y corazones de fondant',32,260,'Mocka, 3l chocolate, 3 leches vainilla, Oreo, Supremo.','','previsualizacion_pastel_infantil_predisenado_sharons_11.jpg','A'),(57,2,'MINE CRAFT','Apetecible pastel de chantilly especial para celebrar tu gran día',32,980,'Mocka, 3l chocolate, 3 leches vainilla, Oreo, Supremo.','No incluye vela de primera comunión, uvas ni espigas','previsualizacion_pastel_infantil_predisenado_sharons_12.jpg','A'),(58,2,'REGALO MICKEY','Celebremos mi gran día junto a mickey mouse con este exquisito pastel  de chantilly ',32,499,'Mocka, 3l chocolate, 3 leches vainilla, Oreo, Supremo.','No incluye vela de mickey y minie','previsualizacion_pastel_infantil_predisenado_sharons_13.jpg','A'),(59,2,'FELICIDADES PRINCESA','Rico pastel de chantilly para festejar un año mas de tu princesa',32,100,'Mocka, 3l chocolate, 3 leches vainilla, Oreo, Supremo.','','previsualizacion_pastel_infantil_predisenado_sharons_14.jpg','A'),(60,2,'TWILIGHT SPARKLE','Apetitoso pastel de fondant para la gran ocasión',55,450,'Mocka, Chocolate, New York, Oreo, Zarzamora, Supremo, Delicias','','previsualizacion_pastel_infantil_predisenado_sharons_15.jpg','A'),(61,2,'AUTOPISTA CARS','Acompáñame a la gran carrera de cars en mi cumpleaños con este riquísimo pastel de fondant',55,350,'Mocka, Chocolate, New York, Oreo, Zarzamora, Supremo, Delicias','','previsualizacion_pastel_infantil_predisenado_sharons_16.jpg','A'),(62,2,'PARTY PEPPA','Vivamos una fiesta excepcional junto a peppa y este pastel elaborado en chantilly',32,410,'Mocka, 3l chocolate, 3 leches vainilla, Oreo, Supremo.','','previsualizacion_pastel_infantil_predisenado_sharons_17.jpg','A'),(63,2,'HADA PEPPA','Cumple tu deseo de cumpleaños junto a peppa con un pastel de chantilly decorado con fondant',32,250,'Mocka, 3l chocolate, 3 leches vainilla, Oreo, Supremo.','','previsualizacion_pastel_infantil_predisenado_sharons_18.jpg','A'),(64,2,'TORRE PAW PATROL','Celebrando mi cumpleaños con la patrulla canina y un rico pastel de chantilly en tres pisos',32,1220,'Mocka, 3l chocolate, 3 leches vainilla, Oreo, Supremo.','','previsualizacion_pastel_infantil_predisenado_sharons_19.jpg','A'),(65,2,'NOCHE DE HADAS','Delicado pastel en chantilly para un ocasión especial ',32,380,'Mocka, 3l chocolate, 3 leches vainilla, Oreo, Supremo.','No incluye muñeca','previsualizacion_pastel_infantil_predisenado_sharons_20.jpg','A'),(66,2,'BABY PONY','Vivamos un mundo de fantasía con este delicioso pastel en dos pisos',32,440,'Mocka, 3l chocolate, 3 leches vainilla, Oreo, Supremo.','','previsualizacion_pastel_infantil_predisenado_sharons_21.jpg','A'),(67,2,'BAJO EL MAR','Con este rico pastel de chantilly en dos pisos vive una gran aventura bajo el mar',32,600,'Mocka, 3l chocolate, 3 leches vainilla, Oreo, Supremo.','','previsualizacion_pastel_infantil_predisenado_sharons_22.jpg','A'),(68,2,'CUENTO DE HADAS','Una gran princesa merece una gran fiesta celebra con este apetitoso pastel de crema batida en 3 pisos decorado con fondant',32,840,'Mocka, 3l chocolate, 3 leches vainilla, Oreo, Supremo.','','previsualizacion_pastel_infantil_predisenado_sharons_23.jpg','A'),(69,2,'AVENTURA CONGELADA','Vive una aventura en el hielo con frozen y este hermoso pastel de fondant en 3 pisos',55,650,'Mocka, Chocolate, New York, Oreo, Zarzamora, Supremo, Delicias','','previsualizacion_pastel_infantil_predisenado_sharons_24.jpg','A'),(70,2,'PARTY RAINBOW ROCKS','Vive una fiesta sensacional con rainbow rocks y este pastel elaborado en chantilly',32,550,'Mocka, 3l chocolate, 3 leches vainilla, Oreo, Supremo.','','previsualizacion_pastel_infantil_predisenado_sharons_25.jpg','A'),(71,2,'BLANCA NIEVES','Un gran día se celebra con un suculento pastel de chantilly',32,250,'Mocka, 3l chocolate, 3 leches vainilla, Oreo, Supremo.','','previsualizacion_pastel_infantil_predisenado_sharons_26.jpg','A'),(72,2,'EL GRAN VAQUERO','Con una aventura de vaqueros y este delicioso pastel de fondant, tu y yo viviremos un gran cumpleaños',55,550,'Mocka, Chocolate, New York, Oreo, Zarzamora, Supremo, Delicias','','previsualizacion_pastel_infantil_predisenado_sharons_27.jpg','A'),(73,2,'SUEÑO ENCANTADO','Mi princesa quedara mas que encantada con este riquísimo pastel de chantilly',32,480,'Mocka, 3l chocolate, 3 leches vainilla, Oreo, Supremo.','','previsualizacion_pastel_infantil_predisenado_sharons_28.jpg','A'),(74,2,'ELSA','Elsa y yo tendremos un sensacional día con este pastel de chantilly',32,80,'Mocka, 3l chocolate, 3 leches vainilla, Oreo, Supremo.','','previsualizacion_pastel_infantil_predisenado_sharons_29.jpg','A'),(75,2,'PARTY MINIONS','Tu fiesta sera la mejor con los minions y este pastel de fondant',55,900,'Mocka, Chocolate, New York, Oreo, Zarzamora, Supremo, Delicias','','previsualizacion_pastel_infantil_predisenado_sharons_30.jpg','A'),(76,2,'SIRENITA','Sumerge tus emociones en este delicioso pastel de chantilly',32,80,'Mocka, 3l chocolate, 3 leches vainilla, Oreo, Supremo.','','previsualizacion_pastel_infantil_predisenado_sharons_31.jpg','A'),(77,2,'BOB ESPONJA','Viviremos una gran aventura bajo el mar con bob esponja y este rico pastel de chantilly con decoración de fondant',32,1360,'Mocka, 3l chocolate, 3 leches vainilla, Oreo, Supremo.','','previsualizacion_pastel_infantil_predisenado_sharons_32.jpg','A'),(78,2,'MINION','Un pastel de chantilly en dos pisos de minion es lo que necesito para tener la mejor fiesta',32,610,'Mocka, 3l chocolate, 3 leches vainilla, Oreo, Supremo.','','previsualizacion_pastel_infantil_predisenado_sharons_33.jpg','A'),(79,2,'CONGRATS','Yo celebro mis triunfos con un pastel especial de fondant',55,450,'Mocka, Chocolate, New York, Oreo, Zarzamora, Supremo, Delicias','','previsualizacion_pastel_infantil_predisenado_sharons_34.jpg','A'),(80,2,'CIRCO','Mi fiesta sera la mejor función con este delicioso pastel de fondant',55,350,'Mocka, Chocolate, New York, Oreo, Zarzamora, Supremo, Delicias','','previsualizacion_pastel_infantil_predisenado_sharons_35.jpg','A'),(81,2,'PRINCESA MINIE','Celebra mi primer año de vida con un riquísimo pastel en 3 pisos de chantilly',32,490,'Mocka, 3l chocolate, 3 leches vainilla, Oreo, Supremo.','No incluye vela de número','previsualizacion_pastel_infantil_predisenado_sharons_36.jpg','A'),(82,2,'AVENTURA CARS','Exquisito pastel de fondant especialmente elaborado para festejar mi cumpleaños',55,530,'Mocka, Chocolate, New York, Oreo, Zarzamora, Supremo, Delicias','','previsualizacion_pastel_infantil_predisenado_sharons_37.jpg','A'),(83,2,'BATMAN','Vive un cumpleaños excepcional junto al caballero negro y un delicioso pastel de fondant',55,550,'Mocka, Chocolate, New York, Oreo, Zarzamora, Supremo, Delicias','','previsualizacion_pastel_infantil_predisenado_sharons_38.jpg','A'),(84,2,'MASCARA TIKI','Riquísimo pastel de chantilly decorado con fondant, por que lo que se hace con gusto se disfruta sin culpa.',32,650,'Mocka, 3l chocolate, 3 leches vainilla, Oreo, Supremo.','','previsualizacion_pastel_infantil_predisenado_sharons_39.jpg','A'),(85,2,'PRINCESA SOFIA','Los niños son asombrosos, son divinos, son un regalo, ven y disfruta con ellos este adorable pastel de chantilly',32,120,'Mocka, 3l chocolate, 3 leches vainilla, Oreo, Supremo.','','previsualizacion_pastel_infantil_predisenado_sharons_40.jpg','A'),(86,2,'SUPERMAN','Con este delicioso pastel de chantilly conocerás el universo junto a superman',32,500,'Mocka, 3l chocolate, 3 leches vainilla, Oreo, Supremo.','','previsualizacion_pastel_infantil_predisenado_sharons_41.jpg','A'),(87,2,'HULK','Con este riquísimo pastel de fondant hasta hulk celebraría contigo',55,500,'Mocka, Chocolate, New York, Oreo, Zarzamora, Supremo, Delicias','','previsualizacion_pastel_infantil_predisenado_sharons_42.jpg','A'),(88,2,'TORRE SOFÍA','Yo consiento a mi princesa con un pastel de chantilly en dos pisos',32,570,'Mocka, 3l chocolate, 3 leches vainilla, Oreo, Supremo.','','previsualizacion_pastel_infantil_predisenado_sharons_43.jpg','A'),(89,2,'UNICORNIO','Vivamos una fiesta única con unicornios con este rico pastel de chantilly',32,450,'Mocka, 3l chocolate, 3 leches vainilla, Oreo, Supremo.','','previsualizacion_pastel_infantil_predisenado_sharons_44.jpg','A'),(90,2,'AVENTURA EN ALTA MAR (NN1)','Vive una aventura en alta mar con este delicioso pastel de fondant',55,450,'Mocka, Chocolate, New York, Oreo, Zarzamora, Supremo, Delicias','','previsualizacion_pastel_infantil_predisenado_sharons_45.jpg','A'),(91,2,'VESTIDO BLANCA NIEVES','Mi princesa y este delicioso pastel de chantilly serán la sensación de la fiesta',32,550,'Mocka, 3l chocolate, 3 leches vainilla, Oreo, Supremo.','','previsualizacion_pastel_infantil_predisenado_sharons_46.jpg','A'),(92,2,'PARTY POCOYO','Vive la mejor fiesta de tu vida junto a pocoyo y este pastel de fondant',55,650,'Mocka, Chocolate, New York, Oreo, Zarzamora, Supremo, Delicias','','previsualizacion_pastel_infantil_predisenado_sharons_47.jpg','A'),(93,2,'CARRERA CARS','Tu puedes llegar a la cima, celebra la victoria con este rico pastel de fondant',55,650,'Mocka, Chocolate, New York, Oreo, Zarzamora, Supremo, Delicias','No incluye vela de cars ni copa','previsualizacion_pastel_infantil_predisenado_sharons_48.jpg','A'),(94,2,'DOCTORA JUGUETES','Mis papis me aman tanto que me consentirán con este delicioso pastel de chantilly',32,150,'Mocka, 3l chocolate, 3 leches vainilla, Oreo, Supremo.','No incluye ningun muñeco','previsualizacion_pastel_infantil_predisenado_sharons_49.jpg','A'),(95,2,'LOGO ZELDA','Revive la magia de los videojuegos con este delicioso pastel de chantilly',32,280,'Mocka, 3l chocolate, 3 leches vainilla, Oreo, Supremo.','','previsualizacion_pastel_infantil_predisenado_sharons_50.jpg','A'),(96,2,'BALLENA','En las profundidades del océano todo es posible, con este rico pastel de fondant',55,450,'Mocka, Chocolate, New York, Oreo, Zarzamora, Supremo, Delicias','','previsualizacion_pastel_infantil_predisenado_sharons_51.jpg','A'),(97,2,'TIBURÓN','No hay nada mas emocionante que las aventuras bajo el mar, disfrútala con un delicioso pastel de fondant',32,550,'Mocka, Chocolate, New York, Oreo, Zarzamora, Supremo, Delicias','','previsualizacion_pastel_infantil_predisenado_sharons_52.jpg','A'),(98,3,'HERMOSA PRINCESA','Demuéstrale al mundo la maravillosa mujer que eres compartiendo en tu gran día este delicioso pastel de chantilly',32,590,'Mocka, 3l chocolate, 3 leches vainilla, Oreo, Supremo.','','previsualizacion_pastel_toda_ocasion_predisenado_sharons_01.jpg','A'),(99,3,'DULCE DETALLE','Que todos tus sueños y anhelos se hagan realidad con un dulce detalle como este delicado y rico  pastel de fondant',55,560,'Mocka, Chocolate, New York, Oreo, Zarzamora, Supremo, Delicias','','previsualizacion_pastel_toda_ocasion_predisenado_sharons_02.jpg','A'),(100,3,'FELIZ GRADUACIÓN','Un logro mas en tu vida merece ser festejado con un delicioso pastel de chantilly.',32,420,'Mocka, 3 leches chocolate, 3 leches vainilla, Oreo, Supremo.','','previsualizacion_pastel_toda_ocasion_predisenado_sharons_03.jpg','A'),(101,3,'TERNURA','Tu decides cuando sera la ocasión y este bello pastel de fondant la hará especial.',55,350,'Mocka, Chocolate, New York, Oreo, Zarzamora, Supremo, Delicias','','previsualizacion_pastel_toda_ocasion_predisenado_sharons_04.jpg','A'),(102,3,'MANANTIAL DE DESEOS','Tu decides cuando sera la ocasión y este bello pastel de fondant la hará especial.',32,460,'Mocka, 3l chocolate, 3 leches vainilla, Oreo, Supremo.','','previsualizacion_pastel_toda_ocasion_predisenado_sharons_05.jpg','A'),(103,3,'GELATINA FRUTAL','No te conformes con poco  lucha por que te mereces este delicioso pastel de chantilly',28,280,'Uva y leche, fresa y leche, limon y leche','','previsualizacion_pastel_toda_ocasion_predisenado_sharons_06.jpg','A'),(104,3,'GRAN RECUERDO','Deseo recordar este gran momento con un delicioso pastel de chantilly',32,800,'Mocka, 3l chocolate, 3 leches vainilla, Oreo, Supremo.','','previsualizacion_pastel_toda_ocasion_predisenado_sharons_07.jpg','A'),(105,3,'BELLA ÉPOCA','Los mejores años de mi vida aun no han pasado y  los disfruto con este riquísimo pastel de fonfant',55,680,'Mocka, Chocolate, New York, Oreo, Zarzamora, Supremo, Delicias','','previsualizacion_pastel_toda_ocasion_predisenado_sharons_08.jpg','A'),(106,3,'PRECIOSO REGALO','La mejor parte de una fiesta son los regalos y mi preferido es este riquísimo pastel de chantilly',32,420,'Mocka, 3l chocolate, 3 leches vainilla, Oreo, Supremo.','','previsualizacion_pastel_toda_ocasion_predisenado_sharons_09.jpg','A'),(107,3,'PRIMAVERA','La primavera es mi estación favorita para compartir un colorido pastel de fondant.',55,650,'Mocka, Chocolate, New York, Oreo, Zarzamora, Supremo, Delicias','','previsualizacion_pastel_toda_ocasion_predisenado_sharons_10.jpg','A'),(108,3,'ESCUDO CHIVAS','Yo festejo los triunfos de mi equipo con un rico pastel de chantilly',32,250,'Mocka, 3l chocolate, 3 leches vainilla, Oreo, Supremo.','','previsualizacion_pastel_toda_ocasion_predisenado_sharons_11.jpg','A'),(109,3,'FASHION CAKE','Mi evento será aún mas elegante con este delicioso pastel de fondant',55,650,'Mocka, Chocolate, New York, Oreo, Zarzamora, Supremo, Delicias','','previsualizacion_pastel_toda_ocasion_predisenado_sharons_12.jpg','A'),(110,3,'VAQUITA','Los animales son seres vivos excepcionales, tanto como esta tarta de fondant con carita de vaquita',55,250,'Mocka, Chocolate, New York, Oreo, Zarzamora, Supremo, Delicias','','previsualizacion_pastel_toda_ocasion_predisenado_sharons_13.jpg','A'),(111,3,'SUEÑO DE ROSAS','La manera mas original de regalar flores es en un delicioso pastel de chantilly',32,250,'Mocka, 3l chocolate, 3 leches vainilla, Oreo, Supremo.','','previsualizacion_pastel_toda_ocasion_predisenado_sharons_14.jpg','A'),(112,3,'BUHO DEL BOSQUE (TO7)','Vive el mas sublime de los momentos con este hermoso pastel de fondant',55,450,'Mocka, Chocolate, New York, Oreo, Zarzamora, Supremo, Delicias','','previsualizacion_pastel_toda_ocasion_predisenado_sharons_15.jpg','A'),(113,3,'GRADUACIÓN AZUL','El gran día de mi graduación se celebra con un delicioso pastel de chantilly',32,250,'Mocka, 3l chocolate, 3 leches vainilla, Oreo, Supremo.','','previsualizacion_pastel_toda_ocasion_predisenado_sharons_16.jpg','A'),(114,3,'DOCTOR CAKE','Un doctor salva vidas, demuéstrale tu agradecimiento con este exquisito pastel de fondant',55,420,'Mocka, Chocolate, New York, Oreo, Zarzamora, Supremo, Delicias','','previsualizacion_pastel_toda_ocasion_predisenado_sharons_17.jpg','A'),(115,3,'GRADUACIÓN FIUSHA','El gran día de mi graduación se celebra con un delicioso pastel de chantilly',32,250,'Mocka, 3l chocolate, 3 leches vainilla, Oreo, Supremo.','','previsualizacion_pastel_toda_ocasion_predisenado_sharons_18.jpg','A'),(116,3,'CÉLULA','Delicioso pastel de chantilly con detalles de fondant que simulan una célula',32,180,'Mocka, 3l chocolate, 3 leches vainilla, Oreo, Supremo.','','previsualizacion_pastel_toda_ocasion_predisenado_sharons_19.jpg','A'),(117,3,'DULCE PIANO','Motiva a esa persona a seguir su  pasión con este delicioso pastel de fondant en forma de piano',55,250,'Mocka, Chocolate, New York, Oreo, Zarzamora, Supremo, Delicias','','previsualizacion_pastel_toda_ocasion_predisenado_sharons_20.jpg','A'),(118,3,'HOMERO','El buen sentido del humor nunca debe pasar de moda, regala un divertidisimo pero muy rico pastel de fonfant de homero',55,500,'Mocka, Chocolate, New York, Oreo, Zarzamora, Supremo, Delicias','','previsualizacion_pastel_toda_ocasion_predisenado_sharons_21.jpg','A'),(119,3,'CONSTRUYENDO RECUERDOS','Un arquitecto puede construir una casa, déjanos ayudarte a construirle una gran sorpresa con este delicioso pastel de chantilly en dos pisos',32,530,'Mocka, 3l chocolate, 3 leches vainilla, Oreo, Supremo.','','previsualizacion_pastel_toda_ocasion_predisenado_sharons_22.jpg','A'),(120,3,'EL ENCANTO DEL BÚHO','Una mujer maravillosa cumple sus metas, nosotros le celebramos a la nuestra con un delicioso pastel de chantilly',32,510,'Mocka, 3l chocolate, 3 leches vainilla, Oreo, Supremo.','','previsualizacion_pastel_toda_ocasion_predisenado_sharons_23.jpg','A'),(121,3,'FLORES DE GRADUACIÓN','Todo sacrificio tiene su recompensa, felicitalo con una deliciosa plancha de chantilly',32,480,'Mocka, 3l chocolate, 3 leches vainilla, Oreo, Supremo.','','previsualizacion_pastel_toda_ocasion_predisenado_sharons_24.jpg','A'),(122,3,'DULCES 17','No importa que tan difícil sea la etapa, nosotros la endulzamos con un delicioso pastel de chantilly en dos pisos',32,760,'Mocka, 3l chocolate, 3 leches vainilla, Oreo, Supremo.','','previsualizacion_pastel_toda_ocasion_predisenado_sharons_25.jpg','A'),(123,3,'DULCE MELODÍA','La música es la vida emocional de la mayoría de la gente, comparte esa emoción con un exquisito pastel de fondant',55,250,'Mocka, Chocolate, New York, Oreo, Zarzamora, Supremo, Delicias','','previsualizacion_pastel_toda_ocasion_predisenado_sharons_26.jpg','A');
/*!40000 ALTER TABLE `pastel_predisenado` ENABLE KEYS */;
UNLOCK TABLES;

--
-- Table structure for table `pisos`
--

DROP TABLE IF EXISTS `pisos`;
/*!40101 SET @saved_cs_client     = @@character_set_client */;
/*!40101 SET character_set_client = utf8 */;
CREATE TABLE `pisos` (
  `id_piso` int(11) NOT NULL AUTO_INCREMENT,
  `descripcion` varchar(45) DEFAULT NULL,
  PRIMARY KEY (`id_piso`)
) ENGINE=InnoDB AUTO_INCREMENT=4 DEFAULT CHARSET=utf8;
/*!40101 SET character_set_client = @saved_cs_client */;

--
-- Dumping data for table `pisos`
--

LOCK TABLES `pisos` WRITE;
/*!40000 ALTER TABLE `pisos` DISABLE KEYS */;
INSERT INTO `pisos` VALUES (1,'Piso 1'),(2,'Piso 2'),(3,'Piso 3');
/*!40000 ALTER TABLE `pisos` ENABLE KEYS */;
UNLOCK TABLES;

--
-- Table structure for table `relleno`
--

DROP TABLE IF EXISTS `relleno`;
/*!40101 SET @saved_cs_client     = @@character_set_client */;
/*!40101 SET character_set_client = utf8 */;
CREATE TABLE `relleno` (
  `id_relleno` int(11) NOT NULL AUTO_INCREMENT,
  `descripcion` varchar(45) DEFAULT NULL,
  PRIMARY KEY (`id_relleno`)
) ENGINE=InnoDB AUTO_INCREMENT=13 DEFAULT CHARSET=utf8;
/*!40101 SET character_set_client = @saved_cs_client */;

--
-- Dumping data for table `relleno`
--

LOCK TABLES `relleno` WRITE;
/*!40000 ALTER TABLE `relleno` DISABLE KEYS */;
INSERT INTO `relleno` VALUES (1,'Sin Relleno'),(2,'Almendra'),(3,'Chispas de chocolate'),(4,'Crema de cajeta'),(5,'Crema de queso'),(6,'Crema pastelera'),(7,'Durazno'),(8,'Fresas'),(9,'Frutas'),(10,'Mermelada de Chabacano'),(11,'Mermelada de fresa'),(12,'Nuez');
/*!40000 ALTER TABLE `relleno` ENABLE KEYS */;
UNLOCK TABLES;

--
-- Table structure for table `sabor`
--

DROP TABLE IF EXISTS `sabor`;
/*!40101 SET @saved_cs_client     = @@character_set_client */;
/*!40101 SET character_set_client = utf8 */;
CREATE TABLE `sabor` (
  `id_sabor` int(11) NOT NULL AUTO_INCREMENT,
  `descripcion` varchar(45) DEFAULT NULL,
  PRIMARY KEY (`id_sabor`)
) ENGINE=InnoDB AUTO_INCREMENT=12 DEFAULT CHARSET=utf8;
/*!40101 SET character_set_client = @saved_cs_client */;

--
-- Dumping data for table `sabor`
--

LOCK TABLES `sabor` WRITE;
/*!40000 ALTER TABLE `sabor` DISABLE KEYS */;
INSERT INTO `sabor` VALUES (1,'3 Leches'),(2,'Chocolate'),(3,'Coco'),(4,'Delicias'),(5,'Mocka'),(6,'New York'),(7,'Queso oreo'),(8,'Queso zarzamora'),(9,'Rompope'),(10,'Triple chocolate'),(11,'Vainilla');
/*!40000 ALTER TABLE `sabor` ENABLE KEYS */;
UNLOCK TABLES;

--
-- Table structure for table `sucursales`
--

DROP TABLE IF EXISTS `sucursales`;
/*!40101 SET @saved_cs_client     = @@character_set_client */;
/*!40101 SET character_set_client = utf8 */;
CREATE TABLE `sucursales` (
  `id_sucursal` int(11) NOT NULL,
  `descripcion` varchar(85) DEFAULT NULL,
  PRIMARY KEY (`id_sucursal`)
) ENGINE=InnoDB DEFAULT CHARSET=utf8;
/*!40101 SET character_set_client = @saved_cs_client */;

--
-- Dumping data for table `sucursales`
--

LOCK TABLES `sucursales` WRITE;
/*!40000 ALTER TABLE `sucursales` DISABLE KEYS */;
INSERT INTO `sucursales` VALUES (1,'ACA - Alonso Martín #28 Interior 6 Fraccionamiento Magallanes'),(2,'ACA - Alonso Martín #28 Interior 6 Fraccionamiento Magallanes'),(3,'CDMX - Alonso Martín #28 Interior 6 Fraccionamiento Magallanes'),(4,'CDMX - Alonso Martín #28 Interior 6 Fraccionamiento Magallanes');
/*!40000 ALTER TABLE `sucursales` ENABLE KEYS */;
UNLOCK TABLES;

--
-- Table structure for table `tamano`
--

DROP TABLE IF EXISTS `tamano`;
/*!40101 SET @saved_cs_client     = @@character_set_client */;
/*!40101 SET character_set_client = utf8 */;
CREATE TABLE `tamano` (
  `id_tamano` int(11) NOT NULL AUTO_INCREMENT,
  `descripcion` varchar(45) DEFAULT NULL,
  PRIMARY KEY (`id_tamano`)
) ENGINE=InnoDB AUTO_INCREMENT=4 DEFAULT CHARSET=utf8;
/*!40101 SET character_set_client = @saved_cs_client */;

--
-- Dumping data for table `tamano`
--

LOCK TABLES `tamano` WRITE;
/*!40000 ALTER TABLE `tamano` DISABLE KEYS */;
INSERT INTO `tamano` VALUES (1,'10 a 20 personas'),(2,'30 a 40 personas'),(3,'50 o más personas');
/*!40000 ALTER TABLE `tamano` ENABLE KEYS */;
UNLOCK TABLES;

--
-- Table structure for table `textura`
--

DROP TABLE IF EXISTS `textura`;
/*!40101 SET @saved_cs_client     = @@character_set_client */;
/*!40101 SET character_set_client = utf8 */;
CREATE TABLE `textura` (
  `id_textura` int(11) NOT NULL AUTO_INCREMENT,
  `descripcion` varchar(45) DEFAULT NULL,
  PRIMARY KEY (`id_textura`)
) ENGINE=InnoDB AUTO_INCREMENT=9 DEFAULT CHARSET=utf8;
/*!40101 SET character_set_client = @saved_cs_client */;

--
-- Dumping data for table `textura`
--

LOCK TABLES `textura` WRITE;
/*!40000 ALTER TABLE `textura` DISABLE KEYS */;
INSERT INTO `textura` VALUES (1,'Canasta'),(2,'Liso'),(3,'Flores'),(4,'Perlas'),(5,'Garigoleado'),(6,'Puntos'),(7,'Rombos'),(8,'Rombos con perlas');
/*!40000 ALTER TABLE `textura` ENABLE KEYS */;
UNLOCK TABLES;

--
-- Table structure for table `tipo_extra`
--

DROP TABLE IF EXISTS `tipo_extra`;
/*!40101 SET @saved_cs_client     = @@character_set_client */;
/*!40101 SET character_set_client = utf8 */;
CREATE TABLE `tipo_extra` (
  `id_tipo` int(11) NOT NULL AUTO_INCREMENT,
  `descripcion` varchar(150) DEFAULT NULL,
  PRIMARY KEY (`id_tipo`)
) ENGINE=InnoDB AUTO_INCREMENT=4 DEFAULT CHARSET=utf8;
/*!40101 SET character_set_client = @saved_cs_client */;

--
-- Dumping data for table `tipo_extra`
--

LOCK TABLES `tipo_extra` WRITE;
/*!40000 ALTER TABLE `tipo_extra` DISABLE KEYS */;
INSERT INTO `tipo_extra` VALUES (1,'Flores Fondant'),(2,'Flores Naturales'),(3,'Adicionales');
/*!40000 ALTER TABLE `tipo_extra` ENABLE KEYS */;
UNLOCK TABLES;

--
-- Table structure for table `tipo_pastel`
--

DROP TABLE IF EXISTS `tipo_pastel`;
/*!40101 SET @saved_cs_client     = @@character_set_client */;
/*!40101 SET character_set_client = utf8 */;
CREATE TABLE `tipo_pastel` (
  `id_tipo_pastel` int(11) NOT NULL AUTO_INCREMENT,
  `descripcion` varchar(45) DEFAULT NULL,
  PRIMARY KEY (`id_tipo_pastel`)
) ENGINE=InnoDB AUTO_INCREMENT=6 DEFAULT CHARSET=utf8;
/*!40101 SET character_set_client = @saved_cs_client */;

--
-- Dumping data for table `tipo_pastel`
--

LOCK TABLES `tipo_pastel` WRITE;
/*!40000 ALTER TABLE `tipo_pastel` DISABLE KEYS */;
INSERT INTO `tipo_pastel` VALUES (1,'Pasteles de bodas y XV años'),(2,'Pasteles Infantiles'),(3,'Pasteles para toda ocasión');
/*!40000 ALTER TABLE `tipo_pastel` ENABLE KEYS */;
UNLOCK TABLES;

--
-- Table structure for table `tipos_lugares`
--

DROP TABLE IF EXISTS `tipos_lugares`;
/*!40101 SET @saved_cs_client     = @@character_set_client */;
/*!40101 SET character_set_client = utf8 */;
CREATE TABLE `tipos_lugares` (
  `id_tipo` int(11) NOT NULL,
  `descripcion` varchar(150) DEFAULT NULL,
  PRIMARY KEY (`id_tipo`)
) ENGINE=InnoDB DEFAULT CHARSET=utf8;
/*!40101 SET character_set_client = @saved_cs_client */;

--
-- Dumping data for table `tipos_lugares`
--

LOCK TABLES `tipos_lugares` WRITE;
/*!40000 ALTER TABLE `tipos_lugares` DISABLE KEYS */;
INSERT INTO `tipos_lugares` VALUES (1,'Centro de Acopio'),(2,'Albergues'),(3,'Hospitales'),(4,'Atención psicólogica'),(5,'Clinicas'),(6,'Centros de distribución de donaciones'),(7,'Asesoría Legal');
/*!40000 ALTER TABLE `tipos_lugares` ENABLE KEYS */;
UNLOCK TABLES;

--
-- Table structure for table `unidad`
--

DROP TABLE IF EXISTS `unidad`;
/*!40101 SET @saved_cs_client     = @@character_set_client */;
/*!40101 SET character_set_client = utf8 */;
CREATE TABLE `unidad` (
  `id_unidad` int(11) NOT NULL AUTO_INCREMENT,
  `descripcion` varchar(45) DEFAULT NULL,
  PRIMARY KEY (`id_unidad`)
) ENGINE=InnoDB AUTO_INCREMENT=7 DEFAULT CHARSET=utf8;
/*!40101 SET character_set_client = @saved_cs_client */;

--
-- Dumping data for table `unidad`
--

LOCK TABLES `unidad` WRITE;
/*!40000 ALTER TABLE `unidad` DISABLE KEYS */;
INSERT INTO `unidad` VALUES (1,'Decenas'),(2,'Docenas'),(3,'Piezas'),(4,'Paquetes'),(5,'Corsages'),(6,'Manojos');
/*!40000 ALTER TABLE `unidad` ENABLE KEYS */;
UNLOCK TABLES;

--
-- Table structure for table `usuario`
--

DROP TABLE IF EXISTS `usuario`;
/*!40101 SET @saved_cs_client     = @@character_set_client */;
/*!40101 SET character_set_client = utf8 */;
CREATE TABLE `usuario` (
  `id_usuario` int(11) NOT NULL AUTO_INCREMENT,
  `nombre` varchar(45) DEFAULT NULL,
  `apellidos` varchar(45) DEFAULT NULL,
  `correo` varchar(45) DEFAULT NULL,
  `telefono` varchar(45) DEFAULT NULL,
  `direccion` varchar(80) DEFAULT NULL,
  `password` varchar(45) DEFAULT NULL,
  PRIMARY KEY (`id_usuario`)
) ENGINE=InnoDB DEFAULT CHARSET=utf8;
/*!40101 SET character_set_client = @saved_cs_client */;

--
-- Dumping data for table `usuario`
--

LOCK TABLES `usuario` WRITE;
/*!40000 ALTER TABLE `usuario` DISABLE KEYS */;
/*!40000 ALTER TABLE `usuario` ENABLE KEYS */;
UNLOCK TABLES;
/*!40103 SET TIME_ZONE=@OLD_TIME_ZONE */;

/*!40101 SET SQL_MODE=@OLD_SQL_MODE */;
/*!40014 SET FOREIGN_KEY_CHECKS=@OLD_FOREIGN_KEY_CHECKS */;
/*!40014 SET UNIQUE_CHECKS=@OLD_UNIQUE_CHECKS */;
/*!40101 SET CHARACTER_SET_CLIENT=@OLD_CHARACTER_SET_CLIENT */;
/*!40101 SET CHARACTER_SET_RESULTS=@OLD_CHARACTER_SET_RESULTS */;
/*!40101 SET COLLATION_CONNECTION=@OLD_COLLATION_CONNECTION */;
/*!40111 SET SQL_NOTES=@OLD_SQL_NOTES */;

-- Dump completed on 2018-03-13 18:45:12
